Workbook

Sheet INDICE
A1: DEPARTAMENTO ADMINISTRATIVO DE PLANEACIÓN
A2: DIRECCIÓN DE INFORMACIÓN DEPARTAMENTAL
A3: DEPARTAMENTO DE ANTIOQUIA DESAGREGACIÓN DEL PRODUCTO INTERNO BRUTO -PIB- POR MUNICIPIO 2015 - 2022 preliminar
A5: Tabla N° | B5: Descripción
A6: Tabla 1 | B6: Valor Agregado por grandes ramas de actividad, sector Económico y PIB para los 125 municipios de Antioquia anual Cifras a precios corrientes , Miles de millones de pesos
A7: Tabla 2 | B7: Valor Agregado por grandes ramas de actividad, sector Económico y PIB para los 125 municipios de Antioquia anual Cifras a precios constantes, Series encadenadas de volumen con año de referencia 2015 Miles de millones de pesos
A8: Tabla 3 | B8: Valor Agregado por grandes ramas de actividad, sector Económico y PIB para los 9 subregiones de Antioquia anual Cifras a precios corrientes , Miles de millones de pesos
A9: Tabla 4 | B9: Participación porcentual del Valor Agregado por grandes ramas de actividad, sector Económico y PIB para los 9 subregiones de Antioquia en el total Departamental anual
A10: Tabla 5 | B10: Distribución porcentual de las actividades y ramas de económicas en el valor Agregado, en las 9 subregiones de Antioquia anual
A11: Tabla 6 | B11: Coeficiente de especialización regional por actividades y ramas de económicas, en las 9 subregiones de Antioquia anual
A12: Tabla 7 | B12: Producto Interno Bruto a precios corrientes municipal, subregional y Departamental (miles de Millones de pesos) 2015 - 2022pr
A13: Tabla 8 | B13: Participación % municipal en la subregión y Departamento 2015 - 2022pr
A14: Tabla 9 | B14: Producto Interno Bruto municipal, Subregional y Departamental en precios constantes, Series encadenadas de volumen con año de referencia 2015, Años 2015 - 2022pr (miles de Millones de pesos)
A15: Tabla 10 | B15: Tasa de variación del Producto Interno Bruto a precios constantes municipal, Subregional y Departamental, Series encadenadas de volumen con año de referencia 2015, 2016 - 2022pr
A16: Tabla 11 | B16: Valor Agregado municipal en precios corrientes por sectores 2015 - 2022pr
... A27: Tabla 22 | B27: POBLACIÓN TOTAL POR MUNICIPIOS DEPARTAMENTO DE ANTIOQUIA 1985 -2035 (Fuente: Retroproyecciones y proyecciones DANE publicadas 22/03/2023)
A29: NOTAS (Versión 22/12/2023)
A30: a) Valores estimados por la Escuela de Finanzas Económica y Gobierno de la Universidad de EAFIT en cumplimiento del Contrato N° 4600014337 para la “Actualización de la metodología para la estimación de la participación en el Producto Interno Bruto para los 125 municipios del Departamento de Antioquia y su cálculo para los años 2015 al 2020".
A31: b) Valores de los años 2021 y 2022 estimados por la Dirección de Información Departamental desarrollando la actualización metodológica realizada por la universidad EAFIL dentro del contrato N° 4600014337 para la “Actualización de la metodología para la estimación de la participación en el Producto Interno Bruto para los 125 municipios del Departamento de Antioquia y su cálculo para los años 2015 al 2020".
A32: c) Valores estimados a partir de la publicación de las Cuentas Nacionales Anuales, PIB Departamental del 30 de mayo de 2023.
A33: d) Los valores del año 2020 2021 se encuentran estado provisional (p) , 2022 se encuentra en estado preliminar (pr); de acuerdo a la publicación citada anteriormente.
A34: e) En la rama de actividad C. Industrias manufactureras, M+N Actividades profesionales, científicas y técnicas; Actividades de servicios administrativos y de apoyo su usan, A. Agricultura se usan las Matrices de oferta y utilización la última versión disponible publicada por el DANE en el Sistema de Cuentas Nacionales corresponde a la vigencia 2021 provisional.
A35: f) La metodología incluye la homologación con la publicación del DANE de Valor agregado por municipio: serie 2011-2021 provisional, para estimar los valores del 2022 se usa como base los valores 2021 y los valores Departamentales 30 de mayo de 2023.
A36: g) En la rama de actividad C. Industrias manufactureras, se usa información de la Encuesta Anual Manufacturera al momento de su estimación el DANE no ha publicado los valores 2022, se usan los valores disponibles 2021.

Sheet PIB-MPAL CORRRIENTES ANUAL
A1: Tabla 1 | W1: AÑO:
A2: ="Valor Agregado por grandes ramas de actividad, sector Económico y PIB para los 125 municipios de Antioquia año: "&W2&IF(OR(W2=2021,W2=2020)," provisional ",IF(W2=2022," preliminar ",""))&" Cifras a precios corrientes , Miles de millones de pesos" -> Valor Agregado por grandes ramas de actividad, sector Económico y PIB para los 125 municipios de Antioquia año: 2019 Cifras a precios corrientes , Miles de millones de pesos | W2: 2019
A4: Código DANE del municipio | B4: Subregiones | C4: Esquema Asociativo Territorial | D4: Municipios y distritos | E4: Agricultura, ganadería, caza, silvicultura y pesca | F4: Explotación de minas y canteras | G4: Industrias manufactureras | H4: Construcción | I4: Suministro de electricidad, gas, vapor y aire acondicionado; distribución de agua; evacuación y tratamiento de aguas residuales, gestión de desechos y actividades de saneamiento ambiental | J4: Comercio al por mayor y al por menor; reparación de vehículos automotores y motocicletas; transporte y almacenamiento; alojamiento y servicios de comida | K4: Información y comunicaciones | L4: Actividades financieras y de seguros | M4: Actividades inmobiliarias | N4: Actividades profesionales, científicas y técnicas; actividades de servicios administrativos y de apoyo | O4: Administración pública y defensa; planes de seguridad social de afiliación obligatoria; educación; actividades de atención de la salud humana y de servicios sociales | P4: Actividades artísticas, de entretenimiento y recreación y otras actividades de servicios; actividades de los hogares individuales en calidad de empleadores; actividades no diferenciadas de los hogares individuales como productores de bienes y servicios para uso propio | Q4: Actividades Primarias | R4: Actividades Secundarias | S4: Actividades Terciarias | T4: Valor Agregado | U4: Derechos e impuestos | V4: Producto Interno Bruto PIB | W4: Participación porcentual del Producto Interno Bruto PIB en el Departamento | X4: Población | Y4: Valor Agregado Per cápita (Miles de pesos) | Z4: Producto Interno Bruto PIB Per cápita (Miles de pesos) | AA4: Logaritmo base 10 del Valor Agregado Per cápita (Miles de pesos) | AB4: Logaritmo base 10 del Producto Interno Bruto PIB Per cápita (Miles de pesos) | AE4: Nota: las actividades comprenden la siguiente desagregación:
D5: Total departamento | E5: =E6+E17+E24+E31+E42+E60+E80+E104+E128 -> 8918.4641 | F5: =F6+F17+F24+F31+F42+F60+F80+F104+F128 -> 3175.2932 | G5: =G6+G17+G24+G31+G42+G60+G80+G104+G128 -> 22127.443 | H5: =H6+H17+H24+H31+H42+H60+H80+H104+H128 -> 11048.784 | I5: =I6+I17+I24+I31+I42+I60+I80+I104+I128 -> 7053.7836 | J5: =J6+J17+J24+J31+J42+J60+J80+J104+J128 -> 26342.511 | K5: =K6+K17+K24+K31+K42+K60+K80+K104+K128 -> 4286.9799 | L5: =L6+L17+L24+L31+L42+L60+L80+L104+L128 -> 7515.704 | ... V5: =V6+V17+V24+V31+V42+V60+V80+V104+V128 -> 153559.45 | W5: =V5/$V$5 -> 1 | X5: =X6+X17+X24+X31+X42+X60+X80+X104+X128 -> 6550206 | Y5: =(T5/X5)*1000000 -> 21291.73 | Z5: =(V5/X5)*1000000 -> 23443.453 | AA5: =LOG(Y5) -> 4.3282109 | AB5: =LOG(Z5) -> 4.3700216 | AE5: Primarias *
A6: SR01 | B6: Total Valle de Aburrá | E6: =SUM(E7:E16) -> 452.01105 | F6: =SUM(F7:F16) -> 53.569416 | G6: =SUM(G7:G16) -> 17463.33 | H6: =SUM(H7:H16) -> 7822.5484 | I6: =SUM(I7:I16) -> 3891.6287 | J6: =SUM(J7:J16) -> 19502.665 | K6: =SUM(K7:K16) -> 3163.5246 | L6: =SUM(L7:L16) -> 6677.4649 | ... V6: =SUM(V7:V16) -> 103882.83 | W6: =V6/$V$5 -> 0.67649909 | X6: =SUM(X7:X16) -> 3969222 | Y6: =(T6/X6)*1000000 -> 23769.921 | Z6: =(V6/X6)*1000000 -> 26172.088 | AA6: =LOG(Y6) -> 4.3760277 | AB6: =LOG(Z6) -> 4.4178384 | AE6: Agricultura, ganadería, silvicultura y pesca
A7: 05001 | B7: Valle de Aburrá | C7: Área Metropolitana del Valle de Aburrá | D7: Distrito Especial de Ciencia, Tecnología e Innovación de Medellín | E7: =SUMIFS('PIB-Mpal 2015-2022 Corrient '!H$5:H$1012,'PIB-Mpal 2015-2022 Corrient '!$A$5:$A$1012,$W$2,'PIB-Mpal 2015-2022 Corrient '!$E$5:$E$1012,$A7) -> 156.61362 | F7: =SUMIFS('PIB-Mpal 2015-2022 Corrient '!I$5:I$1012,'PIB-Mpal 2015-2022 Corrient '!$A$5:$A$1012,$W$2,'PIB-Mpal 2015-2022 Corrient '!$E$5:$E$1012,$A7) -> 2.2789548 | G7: =SUMIFS('PIB-Mpal 2015-2022 Corrient '!K$5:K$1012,'PIB-Mpal 2015-2022 Corrient '!$A$5:$A$1012,$W$2,'PIB-Mpal 2015-2022 Corrient '!$E$5:$E$1012,$A7) -> 7876.9209 | H7: =SUMIFS('PIB-Mpal 2015-2022 Corrient '!L$5:L$1012,'PIB-Mpal 2015-2022 Corrient '!$A$5:$A$1012,$W$2,'PIB-Mpal 2015-2022 Corrient '!$E$5:$E$1012,$A7) -> 5138.9618 | I7: =SUMIFS('PIB-Mpal 2015-2022 Corrient '!N$5:N$1012,'PIB-Mpal 2015-2022 Corrient '!$A$5:$A$1012,$W$2,'PIB-Mpal 2015-2022 Corrient '!$E$5:$E$1012,$A7) -> 2380.4576 | J7: =SUMIFS('PIB-Mpal 2015-2022 Corrient '!O$5:O$1012,'PIB-Mpal 2015-2022 Corrient '!$A$5:$A$1012,$W$2,'PIB-Mpal 2015-2022 Corrient '!$E$5:$E$1012,$A7) -> 12722.867 | K7: =SUMIFS('PIB-Mpal 2015-2022 Corrient '!P$5:P$1012,'PIB-Mpal 2015-2022 Corrient '!$A$5:$A$1012,$W$2,'PIB-Mpal 2015-2022 Corrient '!$E$5:$E$1012,$A7) -> 1962.1236 | L7: =SUMIFS('PIB-Mpal 2015-2022 Corrient '!Q$5:Q$1012,'PIB-Mpal 2015-2022 Corrient '!$A$5:$A$1012,$W$2,'PIB-Mpal 2015-2022 Corrient '!$E$5:$E$1012,$A7) -> 5558.0039 | M7: =SUMIFS('PIB-Mpal 2015-2022 Corrient '!R$5:R$1012,'PIB-Mpal 2015-2022 Corrient '!$A$5:$A$1012,$W$2,'PIB-Mpal 2015-2022 Corrient '!$E$5:$E$1012,$A7) -> 6770.7309 | N7: =SUMIFS('PIB-Mpal 2015-2022 Corrient '!S$5:S$1012,'PIB-Mpal 2015-2022 Corrient '!$A$5:$A$1012,$W$2,'PIB-Mpal 2015-2022 Corrient '!$E$5:$E$1012,$A7) -> 6471.2999 | O7: =SUMIFS('PIB-Mpal 2015-2022 Corrient '!T$5:T$1012,'PIB-Mpal 2015-2022 Corrient '!$A$5:$A$1012,$W$2,'PIB-Mpal 2015-2022 Corrient '!$E$5:$E$1012,$A7) -> 8627.5188 | P7: =SUMIFS('PIB-Mpal 2015-2022 Corrient '!U$5:U$1012,'PIB-Mpal 2015-2022 Corrient '!$A$5:$A$1012,$W$2,'PIB-Mpal 2015-2022 Corrient '!$E$5:$E$1012,$A7) -> 1767.1888 | Q7: =SUMIFS('PIB-Mpal 2015-2022 Corrient '!J$5:J$1012,'PIB-Mpal 2015-2022 Corrient '!$A$5:$A$1012,$W$2,'PIB-Mpal 2015-2022 Corrient '!$E$5:$E$1012,$A7) -> 158.89257 | R7: =SUMIFS('PIB-Mpal 2015-2022 Corrient '!M$5:M$1012,'PIB-Mpal 2015-2022 Corrient '!$A$5:$A$1012,$W$2,'PIB-Mpal 2015-2022 Corrient '!$E$5:$E$1012,$A7) -> 13015.883 | S7: =SUMIFS('PIB-Mpal 2015-2022 Corrient '!V$5:V$1012,'PIB-Mpal 2015-2022 Corrient '!$A$5:$A$1012,$W$2,'PIB-Mpal 2015-2022 Corrient '!$E$5:$E$1012,$A7) -> 46260.191 | T7: =SUMIFS('PIB-Mpal 2015-2022 Corrient '!W$5:W$1012,'PIB-Mpal 2015-2022 Corrient '!$A$5:$A$1012,$W$2,'PIB-Mpal 2015-2022 Corrient '!$E$5:$E$1012,$A7) -> 59434.966 | U7: =SUMIFS('PIB-Mpal 2015-2022 Corrient '!X$5:X$1012,'PIB-Mpal 2015-2022 Corrient '!$A$5:$A$1012,$W$2,'PIB-Mpal 2015-2022 Corrient '!$E$5:$E$1012,$A7) -> 6006.4453 | V7: =SUMIFS('PIB-Mpal 2015-2022 Corrient '!Y$5:Y$1012,'PIB-Mpal 2015-2022 Corrient '!$A$5:$A$1012,$W$2,'PIB-Mpal 2015-2022 Corrient '!$E$5:$E$1012,$A7) -> 65441.412 | W7: =V7/$V$5 -> 0.42616337 | X7: =INDEX(POBLACION!$C$4:$W$128,MATCH(A7,POBLACION!$A$4:$A$128,0),MATCH($W$2,POBLACION!$C$3:$W$3,0)) -> 2483545 | Y7: =(T7/X7)*1000000 -> 23931.504 | Z7: =(V7/X7)*1000000 -> 26350 | AA7: =LOG(Y7) -> 4.37897 | AB7: =LOG(Z7) -> 4.4207806 | AE7: Explotación de minas y canteras
A8: 05079 | B8: Valle de Aburrá | C8: Área Metropolitana del Valle de Aburrá | D8: Barbosa | E8: =SUMIFS('PIB-Mpal 2015-2022 Corrient '!H$5:H$1012,'PIB-Mpal 2015-2022 Corrient '!$A$5:$A$1012,$W$2,'PIB-Mpal 2015-2022 Corrient '!$E$5:$E$1012,$A8) -> 94.782432 | F8: =SUMIFS('PIB-Mpal 2015-2022 Corrient '!I$5:I$1012,'PIB-Mpal 2015-2022 Corrient '!$A$5:$A$1012,$W$2,'PIB-Mpal 2015-2022 Corrient '!$E$5:$E$1012,$A8) -> 3.3560323 | G8: =SUMIFS('PIB-Mpal 2015-2022 Corrient '!K$5:K$1012,'PIB-Mpal 2015-2022 Corrient '!$A$5:$A$1012,$W$2,'PIB-Mpal 2015-2022 Corrient '!$E$5:$E$1012,$A8) -> 368.83379 | H8: =SUMIFS('PIB-Mpal 2015-2022 Corrient '!L$5:L$1012,'PIB-Mpal 2015-2022 Corrient '!$A$5:$A$1012,$W$2,'PIB-Mpal 2015-2022 Corrient '!$E$5:$E$1012,$A8) -> 93.970492 | I8: =SUMIFS('PIB-Mpal 2015-2022 Corrient '!N$5:N$1012,'PIB-Mpal 2015-2022 Corrient '!$A$5:$A$1012,$W$2,'PIB-Mpal 2015-2022 Corrient '!$E$5:$E$1012,$A8) -> 140.46509 | J8: =SUMIFS('PIB-Mpal 2015-2022 Corrient '!O$5:O$1012,'PIB-Mpal 2015-2022 Corrient '!$A$5:$A$1012,$W$2,'PIB-Mpal 2015-2022 Corrient '!$E$5:$E$1012,$A8) -> 101.78784 | K8: =SUMIFS('PIB-Mpal 2015-2022 Corrient '!P$5:P$1012,'PIB-Mpal 2015-2022 Corrient '!$A$5:$A$1012,$W$2,'PIB-Mpal 2015-2022 Corrient '!$E$5:$E$1012,$A8) -> 16.388756 | L8: =SUMIFS('PIB-Mpal 2015-2022 Corrient '!Q$5:Q$1012,'PIB-Mpal 2015-2022 Corrient '!$A$5:$A$1012,$W$2,'PIB-Mpal 2015-2022 Corrient '!$E$5:$E$1012,$A8) -> 10.183371 | M8: =SUMIFS('PIB-Mpal 2015-2022 Corrient '!R$5:R$1012,'PIB-Mpal 2015-2022 Corrient '!$A$5:$A$1012,$W$2,'PIB-Mpal 2015-2022 Corrient '!$E$5:$E$1012,$A8) -> 56.385601 | N8: =SUMIFS('PIB-Mpal 2015-2022 Corrient '!S$5:S$1012,'PIB-Mpal 2015-2022 Corrient '!$A$5:$A$1012,$W$2,'PIB-Mpal 2015-2022 Corrient '!$E$5:$E$1012,$A8) -> 63.177791 | O8: =SUMIFS('PIB-Mpal 2015-2022 Corrient '!T$5:T$1012,'PIB-Mpal 2015-2022 Corrient '!$A$5:$A$1012,$W$2,'PIB-Mpal 2015-2022 Corrient '!$E$5:$E$1012,$A8) -> 58.464028 | P8: =SUMIFS('PIB-Mpal 2015-2022 Corrient '!U$5:U$1012,'PIB-Mpal 2015-2022 Corrient '!$A$5:$A$1012,$W$2,'PIB-Mpal 2015-2022 Corrient '!$E$5:$E$1012,$A8) -> 20.200567 | Q8: =SUMIFS('PIB-Mpal 2015-2022 Corrient '!J$5:J$1012,'PIB-Mpal 2015-2022 Corrient '!$A$5:$A$1012,$W$2,'PIB-Mpal 2015-2022 Corrient '!$E$5:$E$1012,$A8) -> 98.138464 | R8: =SUMIFS('PIB-Mpal 2015-2022 Corrient '!M$5:M$1012,'PIB-Mpal 2015-2022 Corrient '!$A$5:$A$1012,$W$2,'PIB-Mpal 2015-2022 Corrient '!$E$5:$E$1012,$A8) -> 462.80428 | S8: =SUMIFS('PIB-Mpal 2015-2022 Corrient '!V$5:V$1012,'PIB-Mpal 2015-2022 Corrient '!$A$5:$A$1012,$W$2,'PIB-Mpal 2015-2022 Corrient '!$E$5:$E$1012,$A8) -> 467.05305 | T8: =SUMIFS('PIB-Mpal 2015-2022 Corrient '!W$5:W$1012,'PIB-Mpal 2015-2022 Corrient '!$A$5:$A$1012,$W$2,'PIB-Mpal 2015-2022 Corrient '!$E$5:$E$1012,$A8) -> 1027.9958 | U8: =SUMIFS('PIB-Mpal 2015-2022 Corrient '!X$5:X$1012,'PIB-Mpal 2015-2022 Corrient '!$A$5:$A$1012,$W$2,'PIB-Mpal 2015-2022 Corrient '!$E$5:$E$1012,$A8) -> 103.88835 | V8: =SUMIFS('PIB-Mpal 2015-2022 Corrient '!Y$5:Y$1012,'PIB-Mpal 2015-2022 Corrient '!$A$5:$A$1012,$W$2,'PIB-Mpal 2015-2022 Corrient '!$E$5:$E$1012,$A8) -> 1131.8841 | W8: =V8/$V$5 -> 0.0073709834 | X8: =INDEX(POBLACION!$C$4:$W$128,MATCH(A8,POBLACION!$A$4:$A$128,0),MATCH($W$2,POBLACION!$C$3:$W$3,0)) -> 53242 | Y8: =(T8/X8)*1000000 -> 19307.986 | Z8: =(V8/X8)*1000000 -> 21259.234 | AA8: =LOG(Y8) -> 4.285737 | AB8: =LOG(Z8) -> 4.3275476 | AE8: Secundarias **
A9: 05088 | B9: Valle de Aburrá | C9: Área Metropolitana del Valle de Aburrá | D9: Bello | E9: =SUMIFS('PIB-Mpal 2015-2022 Corrient '!H$5:H$1012,'PIB-Mpal 2015-2022 Corrient '!$A$5:$A$1012,$W$2,'PIB-Mpal 2015-2022 Corrient '!$E$5:$E$1012,$A9) -> 32.765664 | F9: =SUMIFS('PIB-Mpal 2015-2022 Corrient '!I$5:I$1012,'PIB-Mpal 2015-2022 Corrient '!$A$5:$A$1012,$W$2,'PIB-Mpal 2015-2022 Corrient '!$E$5:$E$1012,$A9) -> 1.0753017 | G9: =SUMIFS('PIB-Mpal 2015-2022 Corrient '!K$5:K$1012,'PIB-Mpal 2015-2022 Corrient '!$A$5:$A$1012,$W$2,'PIB-Mpal 2015-2022 Corrient '!$E$5:$E$1012,$A9) -> 680.90774 | H9: =SUMIFS('PIB-Mpal 2015-2022 Corrient '!L$5:L$1012,'PIB-Mpal 2015-2022 Corrient '!$A$5:$A$1012,$W$2,'PIB-Mpal 2015-2022 Corrient '!$E$5:$E$1012,$A9) -> 528.90776 | I9: =SUMIFS('PIB-Mpal 2015-2022 Corrient '!N$5:N$1012,'PIB-Mpal 2015-2022 Corrient '!$A$5:$A$1012,$W$2,'PIB-Mpal 2015-2022 Corrient '!$E$5:$E$1012,$A9) -> 275.13427 | J9: =SUMIFS('PIB-Mpal 2015-2022 Corrient '!O$5:O$1012,'PIB-Mpal 2015-2022 Corrient '!$A$5:$A$1012,$W$2,'PIB-Mpal 2015-2022 Corrient '!$E$5:$E$1012,$A9) -> 1651.8669 | K9: =SUMIFS('PIB-Mpal 2015-2022 Corrient '!P$5:P$1012,'PIB-Mpal 2015-2022 Corrient '!$A$5:$A$1012,$W$2,'PIB-Mpal 2015-2022 Corrient '!$E$5:$E$1012,$A9) -> 304.79771 | L9: =SUMIFS('PIB-Mpal 2015-2022 Corrient '!Q$5:Q$1012,'PIB-Mpal 2015-2022 Corrient '!$A$5:$A$1012,$W$2,'PIB-Mpal 2015-2022 Corrient '!$E$5:$E$1012,$A9) -> 212.3682 | M9: =SUMIFS('PIB-Mpal 2015-2022 Corrient '!R$5:R$1012,'PIB-Mpal 2015-2022 Corrient '!$A$5:$A$1012,$W$2,'PIB-Mpal 2015-2022 Corrient '!$E$5:$E$1012,$A9) -> 752.29485 | N9: =SUMIFS('PIB-Mpal 2015-2022 Corrient '!S$5:S$1012,'PIB-Mpal 2015-2022 Corrient '!$A$5:$A$1012,$W$2,'PIB-Mpal 2015-2022 Corrient '!$E$5:$E$1012,$A9) -> 645.00039 | O9: =SUMIFS('PIB-Mpal 2015-2022 Corrient '!T$5:T$1012,'PIB-Mpal 2015-2022 Corrient '!$A$5:$A$1012,$W$2,'PIB-Mpal 2015-2022 Corrient '!$E$5:$E$1012,$A9) -> 833.96157 | P9: =SUMIFS('PIB-Mpal 2015-2022 Corrient '!U$5:U$1012,'PIB-Mpal 2015-2022 Corrient '!$A$5:$A$1012,$W$2,'PIB-Mpal 2015-2022 Corrient '!$E$5:$E$1012,$A9) -> 292.89696 | Q9: =SUMIFS('PIB-Mpal 2015-2022 Corrient '!J$5:J$1012,'PIB-Mpal 2015-2022 Corrient '!$A$5:$A$1012,$W$2,'PIB-Mpal 2015-2022 Corrient '!$E$5:$E$1012,$A9) -> 33.840966 | R9: =SUMIFS('PIB-Mpal 2015-2022 Corrient '!M$5:M$1012,'PIB-Mpal 2015-2022 Corrient '!$A$5:$A$1012,$W$2,'PIB-Mpal 2015-2022 Corrient '!$E$5:$E$1012,$A9) -> 1209.8155 | S9: =SUMIFS('PIB-Mpal 2015-2022 Corrient '!V$5:V$1012,'PIB-Mpal 2015-2022 Corrient '!$A$5:$A$1012,$W$2,'PIB-Mpal 2015-2022 Corrient '!$E$5:$E$1012,$A9) -> 4968.3208 | T9: =SUMIFS('PIB-Mpal 2015-2022 Corrient '!W$5:W$1012,'PIB-Mpal 2015-2022 Corrient '!$A$5:$A$1012,$W$2,'PIB-Mpal 2015-2022 Corrient '!$E$5:$E$1012,$A9) -> 6211.9773 | U9: =SUMIFS('PIB-Mpal 2015-2022 Corrient '!X$5:X$1012,'PIB-Mpal 2015-2022 Corrient '!$A$5:$A$1012,$W$2,'PIB-Mpal 2015-2022 Corrient '!$E$5:$E$1012,$A9) -> 627.77695 | V9: =SUMIFS('PIB-Mpal 2015-2022 Corrient '!Y$5:Y$1012,'PIB-Mpal 2015-2022 Corrient '!$A$5:$A$1012,$W$2,'PIB-Mpal 2015-2022 Corrient '!$E$5:$E$1012,$A9) -> 6839.7542 | W9: =V9/$V$5 -> 0.044541409 | X9: =INDEX(POBLACION!$C$4:$W$128,MATCH(A9,POBLACION!$A$4:$A$128,0),MATCH($W$2,POBLACION!$C$3:$W$3,0)) -> 538527 | Y9: =(T9/X9)*1000000 -> 11535.127 | Z9: =(V9/X9)*1000000 -> 12700.857 | AA9: =LOG(Y9) -> 4.0620224 | AB9: =LOG(Z9) -> 4.103833 | AE9: Industrias manufactureras
A10: 05129 | B10: Valle de Aburrá | C10: Área Metropolitana del Valle de Aburrá | D10: Caldas | E10: =SUMIFS('PIB-Mpal 2015-2022 Corrient '!H$5:H$1012,'PIB-Mpal 2015-2022 Corrient '!$A$5:$A$1012,$W$2,'PIB-Mpal 2015-2022 Corrient '!$E$5:$E$1012,$A10) -> 65.221423 | F10: =SUMIFS('PIB-Mpal 2015-2022 Corrient '!I$5:I$1012,'PIB-Mpal 2015-2022 Corrient '!$A$5:$A$1012,$W$2,'PIB-Mpal 2015-2022 Corrient '!$E$5:$E$1012,$A10) -> 0 | G10: =SUMIFS('PIB-Mpal 2015-2022 Corrient '!K$5:K$1012,'PIB-Mpal 2015-2022 Corrient '!$A$5:$A$1012,$W$2,'PIB-Mpal 2015-2022 Corrient '!$E$5:$E$1012,$A10) -> 262.55303 | H10: =SUMIFS('PIB-Mpal 2015-2022 Corrient '!L$5:L$1012,'PIB-Mpal 2015-2022 Corrient '!$A$5:$A$1012,$W$2,'PIB-Mpal 2015-2022 Corrient '!$E$5:$E$1012,$A10) -> 76.471003 | I10: =SUMIFS('PIB-Mpal 2015-2022 Corrient '!N$5:N$1012,'PIB-Mpal 2015-2022 Corrient '!$A$5:$A$1012,$W$2,'PIB-Mpal 2015-2022 Corrient '!$E$5:$E$1012,$A10) -> 40.617619 | J10: =SUMIFS('PIB-Mpal 2015-2022 Corrient '!O$5:O$1012,'PIB-Mpal 2015-2022 Corrient '!$A$5:$A$1012,$W$2,'PIB-Mpal 2015-2022 Corrient '!$E$5:$E$1012,$A10) -> 244.29052 | K10: =SUMIFS('PIB-Mpal 2015-2022 Corrient '!P$5:P$1012,'PIB-Mpal 2015-2022 Corrient '!$A$5:$A$1012,$W$2,'PIB-Mpal 2015-2022 Corrient '!$E$5:$E$1012,$A10) -> 48.97591 | L10: =SUMIFS('PIB-Mpal 2015-2022 Corrient '!Q$5:Q$1012,'PIB-Mpal 2015-2022 Corrient '!$A$5:$A$1012,$W$2,'PIB-Mpal 2015-2022 Corrient '!$E$5:$E$1012,$A10) -> 37.279052 | M10: =SUMIFS('PIB-Mpal 2015-2022 Corrient '!R$5:R$1012,'PIB-Mpal 2015-2022 Corrient '!$A$5:$A$1012,$W$2,'PIB-Mpal 2015-2022 Corrient '!$E$5:$E$1012,$A10) -> 127.80909 | N10: =SUMIFS('PIB-Mpal 2015-2022 Corrient '!S$5:S$1012,'PIB-Mpal 2015-2022 Corrient '!$A$5:$A$1012,$W$2,'PIB-Mpal 2015-2022 Corrient '!$E$5:$E$1012,$A10) -> 108.36785 | O10: =SUMIFS('PIB-Mpal 2015-2022 Corrient '!T$5:T$1012,'PIB-Mpal 2015-2022 Corrient '!$A$5:$A$1012,$W$2,'PIB-Mpal 2015-2022 Corrient '!$E$5:$E$1012,$A10) -> 137.43932 | P10: =SUMIFS('PIB-Mpal 2015-2022 Corrient '!U$5:U$1012,'PIB-Mpal 2015-2022 Corrient '!$A$5:$A$1012,$W$2,'PIB-Mpal 2015-2022 Corrient '!$E$5:$E$1012,$A10) -> 34.913718 | Q10: =SUMIFS('PIB-Mpal 2015-2022 Corrient '!J$5:J$1012,'PIB-Mpal 2015-2022 Corrient '!$A$5:$A$1012,$W$2,'PIB-Mpal 2015-2022 Corrient '!$E$5:$E$1012,$A10) -> 65.221423 | R10: =SUMIFS('PIB-Mpal 2015-2022 Corrient '!M$5:M$1012,'PIB-Mpal 2015-2022 Corrient '!$A$5:$A$1012,$W$2,'PIB-Mpal 2015-2022 Corrient '!$E$5:$E$1012,$A10) -> 339.02403 | S10: =SUMIFS('PIB-Mpal 2015-2022 Corrient '!V$5:V$1012,'PIB-Mpal 2015-2022 Corrient '!$A$5:$A$1012,$W$2,'PIB-Mpal 2015-2022 Corrient '!$E$5:$E$1012,$A10) -> 779.69307 | T10: =SUMIFS('PIB-Mpal 2015-2022 Corrient '!W$5:W$1012,'PIB-Mpal 2015-2022 Corrient '!$A$5:$A$1012,$W$2,'PIB-Mpal 2015-2022 Corrient '!$E$5:$E$1012,$A10) -> 1183.9385 | U10: =SUMIFS('PIB-Mpal 2015-2022 Corrient '!X$5:X$1012,'PIB-Mpal 2015-2022 Corrient '!$A$5:$A$1012,$W$2,'PIB-Mpal 2015-2022 Corrient '!$E$5:$E$1012,$A10) -> 119.64778 | V10: =SUMIFS('PIB-Mpal 2015-2022 Corrient '!Y$5:Y$1012,'PIB-Mpal 2015-2022 Corrient '!$A$5:$A$1012,$W$2,'PIB-Mpal 2015-2022 Corrient '!$E$5:$E$1012,$A10) -> 1303.5863 | W10: =V10/$V$5 -> 0.0084891312 | X10: =INDEX(POBLACION!$C$4:$W$128,MATCH(A10,POBLACION!$A$4:$A$128,0),MATCH($W$2,POBLACION!$C$3:$W$3,0)) -> 81658 | Y10: =(T10/X10)*1000000 -> 14498.745 | Z10: =(V10/X10)*1000000 -> 15963.975 | AA10: =LOG(Y10) -> 4.1613304 | AB10: =LOG(Z10) -> 4.2031411 | AE10: Construcción
A11: 05212 | B11: Valle de Aburrá | C11: Área Metropolitana del Valle de Aburrá | D11: Copacabana | E11: =SUMIFS('PIB-Mpal 2015-2022 Corrient '!H$5:H$1012,'PIB-Mpal 2015-2022 Corrient '!$A$5:$A$1012,$W$2,'PIB-Mpal 2015-2022 Corrient '!$E$5:$E$1012,$A11) -> 10.114864 | F11: =SUMIFS('PIB-Mpal 2015-2022 Corrient '!I$5:I$1012,'PIB-Mpal 2015-2022 Corrient '!$A$5:$A$1012,$W$2,'PIB-Mpal 2015-2022 Corrient '!$E$5:$E$1012,$A11) -> 0.12092898 | G11: =SUMIFS('PIB-Mpal 2015-2022 Corrient '!K$5:K$1012,'PIB-Mpal 2015-2022 Corrient '!$A$5:$A$1012,$W$2,'PIB-Mpal 2015-2022 Corrient '!$E$5:$E$1012,$A11) -> 412.11604 | H11: =SUMIFS('PIB-Mpal 2015-2022 Corrient '!L$5:L$1012,'PIB-Mpal 2015-2022 Corrient '!$A$5:$A$1012,$W$2,'PIB-Mpal 2015-2022 Corrient '!$E$5:$E$1012,$A11) -> 165.3795 | I11: =SUMIFS('PIB-Mpal 2015-2022 Corrient '!N$5:N$1012,'PIB-Mpal 2015-2022 Corrient '!$A$5:$A$1012,$W$2,'PIB-Mpal 2015-2022 Corrient '!$E$5:$E$1012,$A11) -> 52.146456 | J11: =SUMIFS('PIB-Mpal 2015-2022 Corrient '!O$5:O$1012,'PIB-Mpal 2015-2022 Corrient '!$A$5:$A$1012,$W$2,'PIB-Mpal 2015-2022 Corrient '!$E$5:$E$1012,$A11) -> 249.9913 | K11: =SUMIFS('PIB-Mpal 2015-2022 Corrient '!P$5:P$1012,'PIB-Mpal 2015-2022 Corrient '!$A$5:$A$1012,$W$2,'PIB-Mpal 2015-2022 Corrient '!$E$5:$E$1012,$A11) -> 52.499781 | L11: =SUMIFS('PIB-Mpal 2015-2022 Corrient '!Q$5:Q$1012,'PIB-Mpal 2015-2022 Corrient '!$A$5:$A$1012,$W$2,'PIB-Mpal 2015-2022 Corrient '!$E$5:$E$1012,$A11) -> 30.45911 | M11: =SUMIFS('PIB-Mpal 2015-2022 Corrient '!R$5:R$1012,'PIB-Mpal 2015-2022 Corrient '!$A$5:$A$1012,$W$2,'PIB-Mpal 2015-2022 Corrient '!$E$5:$E$1012,$A11) -> 150.60507 | N11: =SUMIFS('PIB-Mpal 2015-2022 Corrient '!S$5:S$1012,'PIB-Mpal 2015-2022 Corrient '!$A$5:$A$1012,$W$2,'PIB-Mpal 2015-2022 Corrient '!$E$5:$E$1012,$A11) -> 114.80496 | O11: =SUMIFS('PIB-Mpal 2015-2022 Corrient '!T$5:T$1012,'PIB-Mpal 2015-2022 Corrient '!$A$5:$A$1012,$W$2,'PIB-Mpal 2015-2022 Corrient '!$E$5:$E$1012,$A11) -> 101.13064 | P11: =SUMIFS('PIB-Mpal 2015-2022 Corrient '!U$5:U$1012,'PIB-Mpal 2015-2022 Corrient '!$A$5:$A$1012,$W$2,'PIB-Mpal 2015-2022 Corrient '!$E$5:$E$1012,$A11) -> 40.654312 | Q11: =SUMIFS('PIB-Mpal 2015-2022 Corrient '!J$5:J$1012,'PIB-Mpal 2015-2022 Corrient '!$A$5:$A$1012,$W$2,'PIB-Mpal 2015-2022 Corrient '!$E$5:$E$1012,$A11) -> 10.235793 | R11: =SUMIFS('PIB-Mpal 2015-2022 Corrient '!M$5:M$1012,'PIB-Mpal 2015-2022 Corrient '!$A$5:$A$1012,$W$2,'PIB-Mpal 2015-2022 Corrient '!$E$5:$E$1012,$A11) -> 577.49554 | S11: =SUMIFS('PIB-Mpal 2015-2022 Corrient '!V$5:V$1012,'PIB-Mpal 2015-2022 Corrient '!$A$5:$A$1012,$W$2,'PIB-Mpal 2015-2022 Corrient '!$E$5:$E$1012,$A11) -> 792.29164 | T11: =SUMIFS('PIB-Mpal 2015-2022 Corrient '!W$5:W$1012,'PIB-Mpal 2015-2022 Corrient '!$A$5:$A$1012,$W$2,'PIB-Mpal 2015-2022 Corrient '!$E$5:$E$1012,$A11) -> 1380.023 | U11: =SUMIFS('PIB-Mpal 2015-2022 Corrient '!X$5:X$1012,'PIB-Mpal 2015-2022 Corrient '!$A$5:$A$1012,$W$2,'PIB-Mpal 2015-2022 Corrient '!$E$5:$E$1012,$A11) -> 139.46391 | V11: =SUMIFS('PIB-Mpal 2015-2022 Corrient '!Y$5:Y$1012,'PIB-Mpal 2015-2022 Corrient '!$A$5:$A$1012,$W$2,'PIB-Mpal 2015-2022 Corrient '!$E$5:$E$1012,$A11) -> 1519.4869 | W11: =V11/$V$5 -> 0.009895105 | X11: =INDEX(POBLACION!$C$4:$W$128,MATCH(A11,POBLACION!$A$4:$A$128,0),MATCH($W$2,POBLACION!$C$3:$W$3,0)) -> 80000 | Y11: =(T11/X11)*1000000 -> 17250.287 | Z11: =(V11/X11)*1000000 -> 18993.586 | AA11: =LOG(Y11) -> 4.2367963 | AB11: =LOG(Z11) -> 4.278607 | AE11: Terciarias ***
A12: 05266 | B12: Valle de Aburrá | C12: Área Metropolitana del Valle de Aburrá | D12: Envigado | E12: =SUMIFS('PIB-Mpal 2015-2022 Corrient '!H$5:H$1012,'PIB-Mpal 2015-2022 Corrient '!$A$5:$A$1012,$W$2,'PIB-Mpal 2015-2022 Corrient '!$E$5:$E$1012,$A12) -> 19.17739 | F12: =SUMIFS('PIB-Mpal 2015-2022 Corrient '!I$5:I$1012,'PIB-Mpal 2015-2022 Corrient '!$A$5:$A$1012,$W$2,'PIB-Mpal 2015-2022 Corrient '!$E$5:$E$1012,$A12) -> 0 | G12: =SUMIFS('PIB-Mpal 2015-2022 Corrient '!K$5:K$1012,'PIB-Mpal 2015-2022 Corrient '!$A$5:$A$1012,$W$2,'PIB-Mpal 2015-2022 Corrient '!$E$5:$E$1012,$A12) -> 2111.7556 | H12: =SUMIFS('PIB-Mpal 2015-2022 Corrient '!L$5:L$1012,'PIB-Mpal 2015-2022 Corrient '!$A$5:$A$1012,$W$2,'PIB-Mpal 2015-2022 Corrient '!$E$5:$E$1012,$A12) -> 586.36593 | I12: =SUMIFS('PIB-Mpal 2015-2022 Corrient '!N$5:N$1012,'PIB-Mpal 2015-2022 Corrient '!$A$5:$A$1012,$W$2,'PIB-Mpal 2015-2022 Corrient '!$E$5:$E$1012,$A12) -> 371.66604 | J12: =SUMIFS('PIB-Mpal 2015-2022 Corrient '!O$5:O$1012,'PIB-Mpal 2015-2022 Corrient '!$A$5:$A$1012,$W$2,'PIB-Mpal 2015-2022 Corrient '!$E$5:$E$1012,$A12) -> 1724.8722 | K12: =SUMIFS('PIB-Mpal 2015-2022 Corrient '!P$5:P$1012,'PIB-Mpal 2015-2022 Corrient '!$A$5:$A$1012,$W$2,'PIB-Mpal 2015-2022 Corrient '!$E$5:$E$1012,$A12) -> 323.23373 | L12: =SUMIFS('PIB-Mpal 2015-2022 Corrient '!Q$5:Q$1012,'PIB-Mpal 2015-2022 Corrient '!$A$5:$A$1012,$W$2,'PIB-Mpal 2015-2022 Corrient '!$E$5:$E$1012,$A12) -> 437.1145 | M12: =SUMIFS('PIB-Mpal 2015-2022 Corrient '!R$5:R$1012,'PIB-Mpal 2015-2022 Corrient '!$A$5:$A$1012,$W$2,'PIB-Mpal 2015-2022 Corrient '!$E$5:$E$1012,$A12) -> 1282.2303 | N12: =SUMIFS('PIB-Mpal 2015-2022 Corrient '!S$5:S$1012,'PIB-Mpal 2015-2022 Corrient '!$A$5:$A$1012,$W$2,'PIB-Mpal 2015-2022 Corrient '!$E$5:$E$1012,$A12) -> 1039.297 | O12: =SUMIFS('PIB-Mpal 2015-2022 Corrient '!T$5:T$1012,'PIB-Mpal 2015-2022 Corrient '!$A$5:$A$1012,$W$2,'PIB-Mpal 2015-2022 Corrient '!$E$5:$E$1012,$A12) -> 1034.9444 | P12: =SUMIFS('PIB-Mpal 2015-2022 Corrient '!U$5:U$1012,'PIB-Mpal 2015-2022 Corrient '!$A$5:$A$1012,$W$2,'PIB-Mpal 2015-2022 Corrient '!$E$5:$E$1012,$A12) -> 298.50785 | Q12: =SUMIFS('PIB-Mpal 2015-2022 Corrient '!J$5:J$1012,'PIB-Mpal 2015-2022 Corrient '!$A$5:$A$1012,$W$2,'PIB-Mpal 2015-2022 Corrient '!$E$5:$E$1012,$A12) -> 19.17739 | R12: =SUMIFS('PIB-Mpal 2015-2022 Corrient '!M$5:M$1012,'PIB-Mpal 2015-2022 Corrient '!$A$5:$A$1012,$W$2,'PIB-Mpal 2015-2022 Corrient '!$E$5:$E$1012,$A12) -> 2698.1216 | S12: =SUMIFS('PIB-Mpal 2015-2022 Corrient '!V$5:V$1012,'PIB-Mpal 2015-2022 Corrient '!$A$5:$A$1012,$W$2,'PIB-Mpal 2015-2022 Corrient '!$E$5:$E$1012,$A12) -> 6511.8661 | T12: =SUMIFS('PIB-Mpal 2015-2022 Corrient '!W$5:W$1012,'PIB-Mpal 2015-2022 Corrient '!$A$5:$A$1012,$W$2,'PIB-Mpal 2015-2022 Corrient '!$E$5:$E$1012,$A12) -> 9229.165 | U12: =SUMIFS('PIB-Mpal 2015-2022 Corrient '!X$5:X$1012,'PIB-Mpal 2015-2022 Corrient '!$A$5:$A$1012,$W$2,'PIB-Mpal 2015-2022 Corrient '!$E$5:$E$1012,$A12) -> 932.69129 | V12: =SUMIFS('PIB-Mpal 2015-2022 Corrient '!Y$5:Y$1012,'PIB-Mpal 2015-2022 Corrient '!$A$5:$A$1012,$W$2,'PIB-Mpal 2015-2022 Corrient '!$E$5:$E$1012,$A12) -> 10161.856 | W12: =V12/$V$5 -> 0.066175389 | X12: =INDEX(POBLACION!$C$4:$W$128,MATCH(A12,POBLACION!$A$4:$A$128,0),MATCH($W$2,POBLACION!$C$3:$W$3,0)) -> 236114 | Y12: =(T12/X12)*1000000 -> 39087.75 | Z12: =(V12/X12)*1000000 -> 43037.924 | AA12: =LOG(Y12) -> 4.5920407 | AB12: =LOG(Z12) -> 4.6338513 | AE12: Electricidad, gas y agua
A13: 05308 | B13: Valle de Aburrá | C13: Área Metropolitana del Valle de Aburrá | D13: Girardota | E13: =SUMIFS('PIB-Mpal 2015-2022 Corrient '!H$5:H$1012,'PIB-Mpal 2015-2022 Corrient '!$A$5:$A$1012,$W$2,'PIB-Mpal 2015-2022 Corrient '!$E$5:$E$1012,$A13) -> 57.517625 | F13: =SUMIFS('PIB-Mpal 2015-2022 Corrient '!I$5:I$1012,'PIB-Mpal 2015-2022 Corrient '!$A$5:$A$1012,$W$2,'PIB-Mpal 2015-2022 Corrient '!$E$5:$E$1012,$A13) -> 46.450931 | G13: =SUMIFS('PIB-Mpal 2015-2022 Corrient '!K$5:K$1012,'PIB-Mpal 2015-2022 Corrient '!$A$5:$A$1012,$W$2,'PIB-Mpal 2015-2022 Corrient '!$E$5:$E$1012,$A13) -> 1267.273 | H13: =SUMIFS('PIB-Mpal 2015-2022 Corrient '!L$5:L$1012,'PIB-Mpal 2015-2022 Corrient '!$A$5:$A$1012,$W$2,'PIB-Mpal 2015-2022 Corrient '!$E$5:$E$1012,$A13) -> 200.54087 | I13: =SUMIFS('PIB-Mpal 2015-2022 Corrient '!N$5:N$1012,'PIB-Mpal 2015-2022 Corrient '!$A$5:$A$1012,$W$2,'PIB-Mpal 2015-2022 Corrient '!$E$5:$E$1012,$A13) -> 63.030288 | J13: =SUMIFS('PIB-Mpal 2015-2022 Corrient '!O$5:O$1012,'PIB-Mpal 2015-2022 Corrient '!$A$5:$A$1012,$W$2,'PIB-Mpal 2015-2022 Corrient '!$E$5:$E$1012,$A13) -> 220.18386 | K13: =SUMIFS('PIB-Mpal 2015-2022 Corrient '!P$5:P$1012,'PIB-Mpal 2015-2022 Corrient '!$A$5:$A$1012,$W$2,'PIB-Mpal 2015-2022 Corrient '!$E$5:$E$1012,$A13) -> 29.585701 | L13: =SUMIFS('PIB-Mpal 2015-2022 Corrient '!Q$5:Q$1012,'PIB-Mpal 2015-2022 Corrient '!$A$5:$A$1012,$W$2,'PIB-Mpal 2015-2022 Corrient '!$E$5:$E$1012,$A13) -> 19.4922 | M13: =SUMIFS('PIB-Mpal 2015-2022 Corrient '!R$5:R$1012,'PIB-Mpal 2015-2022 Corrient '!$A$5:$A$1012,$W$2,'PIB-Mpal 2015-2022 Corrient '!$E$5:$E$1012,$A13) -> 88.402781 | N13: =SUMIFS('PIB-Mpal 2015-2022 Corrient '!S$5:S$1012,'PIB-Mpal 2015-2022 Corrient '!$A$5:$A$1012,$W$2,'PIB-Mpal 2015-2022 Corrient '!$E$5:$E$1012,$A13) -> 165.66759 | O13: =SUMIFS('PIB-Mpal 2015-2022 Corrient '!T$5:T$1012,'PIB-Mpal 2015-2022 Corrient '!$A$5:$A$1012,$W$2,'PIB-Mpal 2015-2022 Corrient '!$E$5:$E$1012,$A13) -> 101.09506 | P13: =SUMIFS('PIB-Mpal 2015-2022 Corrient '!U$5:U$1012,'PIB-Mpal 2015-2022 Corrient '!$A$5:$A$1012,$W$2,'PIB-Mpal 2015-2022 Corrient '!$E$5:$E$1012,$A13) -> 25.538343 | Q13: =SUMIFS('PIB-Mpal 2015-2022 Corrient '!J$5:J$1012,'PIB-Mpal 2015-2022 Corrient '!$A$5:$A$1012,$W$2,'PIB-Mpal 2015-2022 Corrient '!$E$5:$E$1012,$A13) -> 103.96856 | R13: =SUMIFS('PIB-Mpal 2015-2022 Corrient '!M$5:M$1012,'PIB-Mpal 2015-2022 Corrient '!$A$5:$A$1012,$W$2,'PIB-Mpal 2015-2022 Corrient '!$E$5:$E$1012,$A13) -> 1467.8139 | S13: =SUMIFS('PIB-Mpal 2015-2022 Corrient '!V$5:V$1012,'PIB-Mpal 2015-2022 Corrient '!$A$5:$A$1012,$W$2,'PIB-Mpal 2015-2022 Corrient '!$E$5:$E$1012,$A13) -> 712.99582 | T13: =SUMIFS('PIB-Mpal 2015-2022 Corrient '!W$5:W$1012,'PIB-Mpal 2015-2022 Corrient '!$A$5:$A$1012,$W$2,'PIB-Mpal 2015-2022 Corrient '!$E$5:$E$1012,$A13) -> 2284.7782 | U13: =SUMIFS('PIB-Mpal 2015-2022 Corrient '!X$5:X$1012,'PIB-Mpal 2015-2022 Corrient '!$A$5:$A$1012,$W$2,'PIB-Mpal 2015-2022 Corrient '!$E$5:$E$1012,$A13) -> 230.89768 | V13: =SUMIFS('PIB-Mpal 2015-2022 Corrient '!Y$5:Y$1012,'PIB-Mpal 2015-2022 Corrient '!$A$5:$A$1012,$W$2,'PIB-Mpal 2015-2022 Corrient '!$E$5:$E$1012,$A13) -> 2515.6759 | W13: =V13/$V$5 -> 0.016382423 | X13: =INDEX(POBLACION!$C$4:$W$128,MATCH(A13,POBLACION!$A$4:$A$128,0),MATCH($W$2,POBLACION!$C$3:$W$3,0)) -> 53162 | Y13: =(T13/X13)*1000000 -> 42977.658 | Z13: =(V13/X13)*1000000 -> 47320.942 | AA13: =LOG(Y13) -> 4.6332427 | AB13: =LOG(Z13) -> 4.6750534 | AE13: Comercio; reparación de vehículos automotores; Transporte; Alojamiento y servicios de comida
A14: 05360 | B14: Valle de Aburrá | C14: Área Metropolitana del Valle de Aburrá | D14: Itagüí | E14: =SUMIFS('PIB-Mpal 2015-2022 Corrient '!H$5:H$1012,'PIB-Mpal 2015-2022 Corrient '!$A$5:$A$1012,$W$2,'PIB-Mpal 2015-2022 Corrient '!$E$5:$E$1012,$A14) -> 0.28967671 | F14: =SUMIFS('PIB-Mpal 2015-2022 Corrient '!I$5:I$1012,'PIB-Mpal 2015-2022 Corrient '!$A$5:$A$1012,$W$2,'PIB-Mpal 2015-2022 Corrient '!$E$5:$E$1012,$A14) -> 0.28726646 | G14: =SUMIFS('PIB-Mpal 2015-2022 Corrient '!K$5:K$1012,'PIB-Mpal 2015-2022 Corrient '!$A$5:$A$1012,$W$2,'PIB-Mpal 2015-2022 Corrient '!$E$5:$E$1012,$A14) -> 2535.0013 | H14: =SUMIFS('PIB-Mpal 2015-2022 Corrient '!L$5:L$1012,'PIB-Mpal 2015-2022 Corrient '!$A$5:$A$1012,$W$2,'PIB-Mpal 2015-2022 Corrient '!$E$5:$E$1012,$A14) -> 630.62727 | I14: =SUMIFS('PIB-Mpal 2015-2022 Corrient '!N$5:N$1012,'PIB-Mpal 2015-2022 Corrient '!$A$5:$A$1012,$W$2,'PIB-Mpal 2015-2022 Corrient '!$E$5:$E$1012,$A14) -> 359.46392 | J14: =SUMIFS('PIB-Mpal 2015-2022 Corrient '!O$5:O$1012,'PIB-Mpal 2015-2022 Corrient '!$A$5:$A$1012,$W$2,'PIB-Mpal 2015-2022 Corrient '!$E$5:$E$1012,$A14) -> 1685.9972 | K14: =SUMIFS('PIB-Mpal 2015-2022 Corrient '!P$5:P$1012,'PIB-Mpal 2015-2022 Corrient '!$A$5:$A$1012,$W$2,'PIB-Mpal 2015-2022 Corrient '!$E$5:$E$1012,$A14) -> 270.1883 | L14: =SUMIFS('PIB-Mpal 2015-2022 Corrient '!Q$5:Q$1012,'PIB-Mpal 2015-2022 Corrient '!$A$5:$A$1012,$W$2,'PIB-Mpal 2015-2022 Corrient '!$E$5:$E$1012,$A14) -> 268.32346 | M14: =SUMIFS('PIB-Mpal 2015-2022 Corrient '!R$5:R$1012,'PIB-Mpal 2015-2022 Corrient '!$A$5:$A$1012,$W$2,'PIB-Mpal 2015-2022 Corrient '!$E$5:$E$1012,$A14) -> 750.04985 | N14: =SUMIFS('PIB-Mpal 2015-2022 Corrient '!S$5:S$1012,'PIB-Mpal 2015-2022 Corrient '!$A$5:$A$1012,$W$2,'PIB-Mpal 2015-2022 Corrient '!$E$5:$E$1012,$A14) -> 807.18369 | O14: =SUMIFS('PIB-Mpal 2015-2022 Corrient '!T$5:T$1012,'PIB-Mpal 2015-2022 Corrient '!$A$5:$A$1012,$W$2,'PIB-Mpal 2015-2022 Corrient '!$E$5:$E$1012,$A14) -> 690.12367 | P14: =SUMIFS('PIB-Mpal 2015-2022 Corrient '!U$5:U$1012,'PIB-Mpal 2015-2022 Corrient '!$A$5:$A$1012,$W$2,'PIB-Mpal 2015-2022 Corrient '!$E$5:$E$1012,$A14) -> 230.38862 | Q14: =SUMIFS('PIB-Mpal 2015-2022 Corrient '!J$5:J$1012,'PIB-Mpal 2015-2022 Corrient '!$A$5:$A$1012,$W$2,'PIB-Mpal 2015-2022 Corrient '!$E$5:$E$1012,$A14) -> 0.57694316 | R14: =SUMIFS('PIB-Mpal 2015-2022 Corrient '!M$5:M$1012,'PIB-Mpal 2015-2022 Corrient '!$A$5:$A$1012,$W$2,'PIB-Mpal 2015-2022 Corrient '!$E$5:$E$1012,$A14) -> 3165.6286 | S14: =SUMIFS('PIB-Mpal 2015-2022 Corrient '!V$5:V$1012,'PIB-Mpal 2015-2022 Corrient '!$A$5:$A$1012,$W$2,'PIB-Mpal 2015-2022 Corrient '!$E$5:$E$1012,$A14) -> 5061.7187 | T14: =SUMIFS('PIB-Mpal 2015-2022 Corrient '!W$5:W$1012,'PIB-Mpal 2015-2022 Corrient '!$A$5:$A$1012,$W$2,'PIB-Mpal 2015-2022 Corrient '!$E$5:$E$1012,$A14) -> 8227.9242 | U14: =SUMIFS('PIB-Mpal 2015-2022 Corrient '!X$5:X$1012,'PIB-Mpal 2015-2022 Corrient '!$A$5:$A$1012,$W$2,'PIB-Mpal 2015-2022 Corrient '!$E$5:$E$1012,$A14) -> 831.50677 | V14: =SUMIFS('PIB-Mpal 2015-2022 Corrient '!Y$5:Y$1012,'PIB-Mpal 2015-2022 Corrient '!$A$5:$A$1012,$W$2,'PIB-Mpal 2015-2022 Corrient '!$E$5:$E$1012,$A14) -> 9059.431 | W14: =V14/$V$5 -> 0.058996246 | X14: =INDEX(POBLACION!$C$4:$W$128,MATCH(A14,POBLACION!$A$4:$A$128,0),MATCH($W$2,POBLACION!$C$3:$W$3,0)) -> 283794 | Y14: =(T14/X14)*1000000 -> 28992.594 | Z14: =(V14/X14)*1000000 -> 31922.56 | AA14: =LOG(Y14) -> 4.4622871 | AB14: =LOG(Z14) -> 4.5040977 | AE14: Información y comunicaciones
A15: 05380 | B15: Valle de Aburrá | C15: Área Metropolitana del Valle de Aburrá | D15: La Estrella | E15: =SUMIFS('PIB-Mpal 2015-2022 Corrient '!H$5:H$1012,'PIB-Mpal 2015-2022 Corrient '!$A$5:$A$1012,$W$2,'PIB-Mpal 2015-2022 Corrient '!$E$5:$E$1012,$A15) -> 6.9451315 | F15: =SUMIFS('PIB-Mpal 2015-2022 Corrient '!I$5:I$1012,'PIB-Mpal 2015-2022 Corrient '!$A$5:$A$1012,$W$2,'PIB-Mpal 2015-2022 Corrient '!$E$5:$E$1012,$A15) -> 0 | G15: =SUMIFS('PIB-Mpal 2015-2022 Corrient '!K$5:K$1012,'PIB-Mpal 2015-2022 Corrient '!$A$5:$A$1012,$W$2,'PIB-Mpal 2015-2022 Corrient '!$E$5:$E$1012,$A15) -> 858.61339 | H15: =SUMIFS('PIB-Mpal 2015-2022 Corrient '!L$5:L$1012,'PIB-Mpal 2015-2022 Corrient '!$A$5:$A$1012,$W$2,'PIB-Mpal 2015-2022 Corrient '!$E$5:$E$1012,$A15) -> 177.21964 | I15: =SUMIFS('PIB-Mpal 2015-2022 Corrient '!N$5:N$1012,'PIB-Mpal 2015-2022 Corrient '!$A$5:$A$1012,$W$2,'PIB-Mpal 2015-2022 Corrient '!$E$5:$E$1012,$A15) -> 84.743604 | J15: =SUMIFS('PIB-Mpal 2015-2022 Corrient '!O$5:O$1012,'PIB-Mpal 2015-2022 Corrient '!$A$5:$A$1012,$W$2,'PIB-Mpal 2015-2022 Corrient '!$E$5:$E$1012,$A15) -> 259.59899 | K15: =SUMIFS('PIB-Mpal 2015-2022 Corrient '!P$5:P$1012,'PIB-Mpal 2015-2022 Corrient '!$A$5:$A$1012,$W$2,'PIB-Mpal 2015-2022 Corrient '!$E$5:$E$1012,$A15) -> 60.972989 | L15: =SUMIFS('PIB-Mpal 2015-2022 Corrient '!Q$5:Q$1012,'PIB-Mpal 2015-2022 Corrient '!$A$5:$A$1012,$W$2,'PIB-Mpal 2015-2022 Corrient '!$E$5:$E$1012,$A15) -> 30.423979 | M15: =SUMIFS('PIB-Mpal 2015-2022 Corrient '!R$5:R$1012,'PIB-Mpal 2015-2022 Corrient '!$A$5:$A$1012,$W$2,'PIB-Mpal 2015-2022 Corrient '!$E$5:$E$1012,$A15) -> 163.92914 | N15: =SUMIFS('PIB-Mpal 2015-2022 Corrient '!S$5:S$1012,'PIB-Mpal 2015-2022 Corrient '!$A$5:$A$1012,$W$2,'PIB-Mpal 2015-2022 Corrient '!$E$5:$E$1012,$A15) -> 170.91701 | O15: =SUMIFS('PIB-Mpal 2015-2022 Corrient '!T$5:T$1012,'PIB-Mpal 2015-2022 Corrient '!$A$5:$A$1012,$W$2,'PIB-Mpal 2015-2022 Corrient '!$E$5:$E$1012,$A15) -> 115.40729 | P15: =SUMIFS('PIB-Mpal 2015-2022 Corrient '!U$5:U$1012,'PIB-Mpal 2015-2022 Corrient '!$A$5:$A$1012,$W$2,'PIB-Mpal 2015-2022 Corrient '!$E$5:$E$1012,$A15) -> 39.896097 | Q15: =SUMIFS('PIB-Mpal 2015-2022 Corrient '!J$5:J$1012,'PIB-Mpal 2015-2022 Corrient '!$A$5:$A$1012,$W$2,'PIB-Mpal 2015-2022 Corrient '!$E$5:$E$1012,$A15) -> 6.9451315 | R15: =SUMIFS('PIB-Mpal 2015-2022 Corrient '!M$5:M$1012,'PIB-Mpal 2015-2022 Corrient '!$A$5:$A$1012,$W$2,'PIB-Mpal 2015-2022 Corrient '!$E$5:$E$1012,$A15) -> 1035.833 | S15: =SUMIFS('PIB-Mpal 2015-2022 Corrient '!V$5:V$1012,'PIB-Mpal 2015-2022 Corrient '!$A$5:$A$1012,$W$2,'PIB-Mpal 2015-2022 Corrient '!$E$5:$E$1012,$A15) -> 925.8891 | T15: =SUMIFS('PIB-Mpal 2015-2022 Corrient '!W$5:W$1012,'PIB-Mpal 2015-2022 Corrient '!$A$5:$A$1012,$W$2,'PIB-Mpal 2015-2022 Corrient '!$E$5:$E$1012,$A15) -> 1968.6673 | U15: =SUMIFS('PIB-Mpal 2015-2022 Corrient '!X$5:X$1012,'PIB-Mpal 2015-2022 Corrient '!$A$5:$A$1012,$W$2,'PIB-Mpal 2015-2022 Corrient '!$E$5:$E$1012,$A15) -> 198.95178 | V15: =SUMIFS('PIB-Mpal 2015-2022 Corrient '!Y$5:Y$1012,'PIB-Mpal 2015-2022 Corrient '!$A$5:$A$1012,$W$2,'PIB-Mpal 2015-2022 Corrient '!$E$5:$E$1012,$A15) -> 2167.6191 | W15: =V15/$V$5 -> 0.01411583 | X15: =INDEX(POBLACION!$C$4:$W$128,MATCH(A15,POBLACION!$A$4:$A$128,0),MATCH($W$2,POBLACION!$C$3:$W$3,0)) -> 73696 | Y15: =(T15/X15)*1000000 -> 26713.353 | Z15: =(V15/X15)*1000000 -> 29412.981 | AA15: =LOG(Y15) -> 4.4267284 | AB15: =LOG(Z15) -> 4.468539 | AE15: Actividades financieras y de seguros
A16: 05631 | B16: Valle de Aburrá | C16: Área Metropolitana del Valle de Aburrá | D16: Sabaneta | E16: =SUMIFS('PIB-Mpal 2015-2022 Corrient '!H$5:H$1012,'PIB-Mpal 2015-2022 Corrient '!$A$5:$A$1012,$W$2,'PIB-Mpal 2015-2022 Corrient '!$E$5:$E$1012,$A16) -> 8.5832277 | F16: =SUMIFS('PIB-Mpal 2015-2022 Corrient '!I$5:I$1012,'PIB-Mpal 2015-2022 Corrient '!$A$5:$A$1012,$W$2,'PIB-Mpal 2015-2022 Corrient '!$E$5:$E$1012,$A16) -> 0 | G16: =SUMIFS('PIB-Mpal 2015-2022 Corrient '!K$5:K$1012,'PIB-Mpal 2015-2022 Corrient '!$A$5:$A$1012,$W$2,'PIB-Mpal 2015-2022 Corrient '!$E$5:$E$1012,$A16) -> 1089.3549 | H16: =SUMIFS('PIB-Mpal 2015-2022 Corrient '!L$5:L$1012,'PIB-Mpal 2015-2022 Corrient '!$A$5:$A$1012,$W$2,'PIB-Mpal 2015-2022 Corrient '!$E$5:$E$1012,$A16) -> 224.10418 | I16: =SUMIFS('PIB-Mpal 2015-2022 Corrient '!N$5:N$1012,'PIB-Mpal 2015-2022 Corrient '!$A$5:$A$1012,$W$2,'PIB-Mpal 2015-2022 Corrient '!$E$5:$E$1012,$A16) -> 123.90379 | J16: =SUMIFS('PIB-Mpal 2015-2022 Corrient '!O$5:O$1012,'PIB-Mpal 2015-2022 Corrient '!$A$5:$A$1012,$W$2,'PIB-Mpal 2015-2022 Corrient '!$E$5:$E$1012,$A16) -> 641.20847 | K16: =SUMIFS('PIB-Mpal 2015-2022 Corrient '!P$5:P$1012,'PIB-Mpal 2015-2022 Corrient '!$A$5:$A$1012,$W$2,'PIB-Mpal 2015-2022 Corrient '!$E$5:$E$1012,$A16) -> 94.758127 | L16: =SUMIFS('PIB-Mpal 2015-2022 Corrient '!Q$5:Q$1012,'PIB-Mpal 2015-2022 Corrient '!$A$5:$A$1012,$W$2,'PIB-Mpal 2015-2022 Corrient '!$E$5:$E$1012,$A16) -> 73.817148 | M16: =SUMIFS('PIB-Mpal 2015-2022 Corrient '!R$5:R$1012,'PIB-Mpal 2015-2022 Corrient '!$A$5:$A$1012,$W$2,'PIB-Mpal 2015-2022 Corrient '!$E$5:$E$1012,$A16) -> 355.3355 | N16: =SUMIFS('PIB-Mpal 2015-2022 Corrient '!S$5:S$1012,'PIB-Mpal 2015-2022 Corrient '!$A$5:$A$1012,$W$2,'PIB-Mpal 2015-2022 Corrient '!$E$5:$E$1012,$A16) -> 330.03446 | O16: =SUMIFS('PIB-Mpal 2015-2022 Corrient '!T$5:T$1012,'PIB-Mpal 2015-2022 Corrient '!$A$5:$A$1012,$W$2,'PIB-Mpal 2015-2022 Corrient '!$E$5:$E$1012,$A16) -> 386.82788 | P16: =SUMIFS('PIB-Mpal 2015-2022 Corrient '!U$5:U$1012,'PIB-Mpal 2015-2022 Corrient '!$A$5:$A$1012,$W$2,'PIB-Mpal 2015-2022 Corrient '!$E$5:$E$1012,$A16) -> 70.729802 | Q16: =SUMIFS('PIB-Mpal 2015-2022 Corrient '!J$5:J$1012,'PIB-Mpal 2015-2022 Corrient '!$A$5:$A$1012,$W$2,'PIB-Mpal 2015-2022 Corrient '!$E$5:$E$1012,$A16) -> 8.5832277 | R16: =SUMIFS('PIB-Mpal 2015-2022 Corrient '!M$5:M$1012,'PIB-Mpal 2015-2022 Corrient '!$A$5:$A$1012,$W$2,'PIB-Mpal 2015-2022 Corrient '!$E$5:$E$1012,$A16) -> 1313.459 | S16: =SUMIFS('PIB-Mpal 2015-2022 Corrient '!V$5:V$1012,'PIB-Mpal 2015-2022 Corrient '!$A$5:$A$1012,$W$2,'PIB-Mpal 2015-2022 Corrient '!$E$5:$E$1012,$A16) -> 2076.6152 | T16: =SUMIFS('PIB-Mpal 2015-2022 Corrient '!W$5:W$1012,'PIB-Mpal 2015-2022 Corrient '!$A$5:$A$1012,$W$2,'PIB-Mpal 2015-2022 Corrient '!$E$5:$E$1012,$A16) -> 3398.6574 | U16: =SUMIFS('PIB-Mpal 2015-2022 Corrient '!X$5:X$1012,'PIB-Mpal 2015-2022 Corrient '!$A$5:$A$1012,$W$2,'PIB-Mpal 2015-2022 Corrient '!$E$5:$E$1012,$A16) -> 343.46533 | V16: =SUMIFS('PIB-Mpal 2015-2022 Corrient '!Y$5:Y$1012,'PIB-Mpal 2015-2022 Corrient '!$A$5:$A$1012,$W$2,'PIB-Mpal 2015-2022 Corrient '!$E$5:$E$1012,$A16) -> 3742.1228 | W16: =V16/$V$5 -> 0.024369212 | X16: =INDEX(POBLACION!$C$4:$W$128,MATCH(A16,POBLACION!$A$4:$A$128,0),MATCH($W$2,POBLACION!$C$3:$W$3,0)) -> 85484 | Y16: =(T16/X16)*1000000 -> 39757.82 | Z16: =(V16/X16)*1000000 -> 43775.71 | AA16: =LOG(Y16) -> 4.5994226 | AB16: =LOG(Z16) -> 4.6412332 | AE16: Actividades inmobiliarias
A17: SR02 | B17: Total Bajo Cauca | E17: =SUM(E18:E23) -> 220.37683 | F17: =SUM(F18:F23) -> 960.10778 | G17: =SUM(G18:G23) -> 48.362138 | H17: =SUM(H18:H23) -> 172.56225 | I17: =SUM(I18:I23) -> 182.51372 | J17: =SUM(J18:J23) -> 672.92201 | K17: =SUM(K18:K23) -> 97.300627 | L17: =SUM(L18:L23) -> 69.493036 | ... V17: =SUM(V18:V23) -> 3971.3794 | W17: =V17/$V$5 -> 0.025862162 | X17: =SUM(X18:X23) -> 255064 | Y17: =(T17/X17)*1000000 -> 14141.047 | Z17: =(V17/X17)*1000000 -> 15570.129 | AA17: =LOG(Y17) -> 4.1504816 | AB17: =LOG(Z17) -> 4.1922922 | AE17: Actividades profesionales, científicas y técnicas; Actividades de servicios administrativos y de apoyo
A18: 05120 | B18: Bajo Cauca | C18: Región de Planeación y Gestión del Bajo Cauca - RPG | D18: Cáceres | E18: =SUMIFS('PIB-Mpal 2015-2022 Corrient '!H$5:H$1012,'PIB-Mpal 2015-2022 Corrient '!$A$5:$A$1012,$W$2,'PIB-Mpal 2015-2022 Corrient '!$E$5:$E$1012,$A18) -> 46.549862 | F18: =SUMIFS('PIB-Mpal 2015-2022 Corrient '!I$5:I$1012,'PIB-Mpal 2015-2022 Corrient '!$A$5:$A$1012,$W$2,'PIB-Mpal 2015-2022 Corrient '!$E$5:$E$1012,$A18) -> 56.143363 | G18: =SUMIFS('PIB-Mpal 2015-2022 Corrient '!K$5:K$1012,'PIB-Mpal 2015-2022 Corrient '!$A$5:$A$1012,$W$2,'PIB-Mpal 2015-2022 Corrient '!$E$5:$E$1012,$A18) -> 2.7428706 | H18: =SUMIFS('PIB-Mpal 2015-2022 Corrient '!L$5:L$1012,'PIB-Mpal 2015-2022 Corrient '!$A$5:$A$1012,$W$2,'PIB-Mpal 2015-2022 Corrient '!$E$5:$E$1012,$A18) -> 26.28187 | I18: =SUMIFS('PIB-Mpal 2015-2022 Corrient '!N$5:N$1012,'PIB-Mpal 2015-2022 Corrient '!$A$5:$A$1012,$W$2,'PIB-Mpal 2015-2022 Corrient '!$E$5:$E$1012,$A18) -> 26.841665 | J18: =SUMIFS('PIB-Mpal 2015-2022 Corrient '!O$5:O$1012,'PIB-Mpal 2015-2022 Corrient '!$A$5:$A$1012,$W$2,'PIB-Mpal 2015-2022 Corrient '!$E$5:$E$1012,$A18) -> 87.963078 | K18: =SUMIFS('PIB-Mpal 2015-2022 Corrient '!P$5:P$1012,'PIB-Mpal 2015-2022 Corrient '!$A$5:$A$1012,$W$2,'PIB-Mpal 2015-2022 Corrient '!$E$5:$E$1012,$A18) -> 13.090874 | L18: =SUMIFS('PIB-Mpal 2015-2022 Corrient '!Q$5:Q$1012,'PIB-Mpal 2015-2022 Corrient '!$A$5:$A$1012,$W$2,'PIB-Mpal 2015-2022 Corrient '!$E$5:$E$1012,$A18) -> 5.0951843 | M18: =SUMIFS('PIB-Mpal 2015-2022 Corrient '!R$5:R$1012,'PIB-Mpal 2015-2022 Corrient '!$A$5:$A$1012,$W$2,'PIB-Mpal 2015-2022 Corrient '!$E$5:$E$1012,$A18) -> 16.245561 | N18: =SUMIFS('PIB-Mpal 2015-2022 Corrient '!S$5:S$1012,'PIB-Mpal 2015-2022 Corrient '!$A$5:$A$1012,$W$2,'PIB-Mpal 2015-2022 Corrient '!$E$5:$E$1012,$A18) -> 45.031682 | O18: =SUMIFS('PIB-Mpal 2015-2022 Corrient '!T$5:T$1012,'PIB-Mpal 2015-2022 Corrient '!$A$5:$A$1012,$W$2,'PIB-Mpal 2015-2022 Corrient '!$E$5:$E$1012,$A18) -> 77.680412 | P18: =SUMIFS('PIB-Mpal 2015-2022 Corrient '!U$5:U$1012,'PIB-Mpal 2015-2022 Corrient '!$A$5:$A$1012,$W$2,'PIB-Mpal 2015-2022 Corrient '!$E$5:$E$1012,$A18) -> 9.3334675 | Q18: =SUMIFS('PIB-Mpal 2015-2022 Corrient '!J$5:J$1012,'PIB-Mpal 2015-2022 Corrient '!$A$5:$A$1012,$W$2,'PIB-Mpal 2015-2022 Corrient '!$E$5:$E$1012,$A18) -> 102.69322 | R18: =SUMIFS('PIB-Mpal 2015-2022 Corrient '!M$5:M$1012,'PIB-Mpal 2015-2022 Corrient '!$A$5:$A$1012,$W$2,'PIB-Mpal 2015-2022 Corrient '!$E$5:$E$1012,$A18) -> 29.024741 | S18: =SUMIFS('PIB-Mpal 2015-2022 Corrient '!V$5:V$1012,'PIB-Mpal 2015-2022 Corrient '!$A$5:$A$1012,$W$2,'PIB-Mpal 2015-2022 Corrient '!$E$5:$E$1012,$A18) -> 281.28192 | T18: =SUMIFS('PIB-Mpal 2015-2022 Corrient '!W$5:W$1012,'PIB-Mpal 2015-2022 Corrient '!$A$5:$A$1012,$W$2,'PIB-Mpal 2015-2022 Corrient '!$E$5:$E$1012,$A18) -> 412.99989 | U18: =SUMIFS('PIB-Mpal 2015-2022 Corrient '!X$5:X$1012,'PIB-Mpal 2015-2022 Corrient '!$A$5:$A$1012,$W$2,'PIB-Mpal 2015-2022 Corrient '!$E$5:$E$1012,$A18) -> 41.737405 | V18: =SUMIFS('PIB-Mpal 2015-2022 Corrient '!Y$5:Y$1012,'PIB-Mpal 2015-2022 Corrient '!$A$5:$A$1012,$W$2,'PIB-Mpal 2015-2022 Corrient '!$E$5:$E$1012,$A18) -> 454.73729 | W18: =V18/$V$5 -> 0.0029613111 | X18: =INDEX(POBLACION!$C$4:$W$128,MATCH(A18,POBLACION!$A$4:$A$128,0),MATCH($W$2,POBLACION!$C$3:$W$3,0)) -> 29716 | Y18: =(T18/X18)*1000000 -> 13898.233 | Z18: =(V18/X18)*1000000 -> 15302.776 | AA18: =LOG(Y18) -> 4.1429596 | AB18: =LOG(Z18) -> 4.1847702 | AE18: Administración pública ; Educación; Salud
A19: 05154 | B19: Bajo Cauca | C19: Región de Planeación y Gestión del Bajo Cauca - RPG | D19: Caucasia | E19: =SUMIFS('PIB-Mpal 2015-2022 Corrient '!H$5:H$1012,'PIB-Mpal 2015-2022 Corrient '!$A$5:$A$1012,$W$2,'PIB-Mpal 2015-2022 Corrient '!$E$5:$E$1012,$A19) -> 37.118345 | F19: =SUMIFS('PIB-Mpal 2015-2022 Corrient '!I$5:I$1012,'PIB-Mpal 2015-2022 Corrient '!$A$5:$A$1012,$W$2,'PIB-Mpal 2015-2022 Corrient '!$E$5:$E$1012,$A19) -> 340.74258 | G19: =SUMIFS('PIB-Mpal 2015-2022 Corrient '!K$5:K$1012,'PIB-Mpal 2015-2022 Corrient '!$A$5:$A$1012,$W$2,'PIB-Mpal 2015-2022 Corrient '!$E$5:$E$1012,$A19) -> 20.509929 | H19: =SUMIFS('PIB-Mpal 2015-2022 Corrient '!L$5:L$1012,'PIB-Mpal 2015-2022 Corrient '!$A$5:$A$1012,$W$2,'PIB-Mpal 2015-2022 Corrient '!$E$5:$E$1012,$A19) -> 65.554047 | I19: =SUMIFS('PIB-Mpal 2015-2022 Corrient '!N$5:N$1012,'PIB-Mpal 2015-2022 Corrient '!$A$5:$A$1012,$W$2,'PIB-Mpal 2015-2022 Corrient '!$E$5:$E$1012,$A19) -> 60.715109 | J19: =SUMIFS('PIB-Mpal 2015-2022 Corrient '!O$5:O$1012,'PIB-Mpal 2015-2022 Corrient '!$A$5:$A$1012,$W$2,'PIB-Mpal 2015-2022 Corrient '!$E$5:$E$1012,$A19) -> 297.94491 | K19: =SUMIFS('PIB-Mpal 2015-2022 Corrient '!P$5:P$1012,'PIB-Mpal 2015-2022 Corrient '!$A$5:$A$1012,$W$2,'PIB-Mpal 2015-2022 Corrient '!$E$5:$E$1012,$A19) -> 36.662801 | L19: =SUMIFS('PIB-Mpal 2015-2022 Corrient '!Q$5:Q$1012,'PIB-Mpal 2015-2022 Corrient '!$A$5:$A$1012,$W$2,'PIB-Mpal 2015-2022 Corrient '!$E$5:$E$1012,$A19) -> 34.059352 | M19: =SUMIFS('PIB-Mpal 2015-2022 Corrient '!R$5:R$1012,'PIB-Mpal 2015-2022 Corrient '!$A$5:$A$1012,$W$2,'PIB-Mpal 2015-2022 Corrient '!$E$5:$E$1012,$A19) -> 70.717159 | N19: =SUMIFS('PIB-Mpal 2015-2022 Corrient '!S$5:S$1012,'PIB-Mpal 2015-2022 Corrient '!$A$5:$A$1012,$W$2,'PIB-Mpal 2015-2022 Corrient '!$E$5:$E$1012,$A19) -> 139.30738 | O19: =SUMIFS('PIB-Mpal 2015-2022 Corrient '!T$5:T$1012,'PIB-Mpal 2015-2022 Corrient '!$A$5:$A$1012,$W$2,'PIB-Mpal 2015-2022 Corrient '!$E$5:$E$1012,$A19) -> 224.61825 | P19: =SUMIFS('PIB-Mpal 2015-2022 Corrient '!U$5:U$1012,'PIB-Mpal 2015-2022 Corrient '!$A$5:$A$1012,$W$2,'PIB-Mpal 2015-2022 Corrient '!$E$5:$E$1012,$A19) -> 24.743604 | Q19: =SUMIFS('PIB-Mpal 2015-2022 Corrient '!J$5:J$1012,'PIB-Mpal 2015-2022 Corrient '!$A$5:$A$1012,$W$2,'PIB-Mpal 2015-2022 Corrient '!$E$5:$E$1012,$A19) -> 377.86092 | R19: =SUMIFS('PIB-Mpal 2015-2022 Corrient '!M$5:M$1012,'PIB-Mpal 2015-2022 Corrient '!$A$5:$A$1012,$W$2,'PIB-Mpal 2015-2022 Corrient '!$E$5:$E$1012,$A19) -> 86.063976 | S19: =SUMIFS('PIB-Mpal 2015-2022 Corrient '!V$5:V$1012,'PIB-Mpal 2015-2022 Corrient '!$A$5:$A$1012,$W$2,'PIB-Mpal 2015-2022 Corrient '!$E$5:$E$1012,$A19) -> 888.76857 | T19: =SUMIFS('PIB-Mpal 2015-2022 Corrient '!W$5:W$1012,'PIB-Mpal 2015-2022 Corrient '!$A$5:$A$1012,$W$2,'PIB-Mpal 2015-2022 Corrient '!$E$5:$E$1012,$A19) -> 1352.6935 | U19: =SUMIFS('PIB-Mpal 2015-2022 Corrient '!X$5:X$1012,'PIB-Mpal 2015-2022 Corrient '!$A$5:$A$1012,$W$2,'PIB-Mpal 2015-2022 Corrient '!$E$5:$E$1012,$A19) -> 136.70201 | V19: =SUMIFS('PIB-Mpal 2015-2022 Corrient '!Y$5:Y$1012,'PIB-Mpal 2015-2022 Corrient '!$A$5:$A$1012,$W$2,'PIB-Mpal 2015-2022 Corrient '!$E$5:$E$1012,$A19) -> 1489.3955 | W19: =V19/$V$5 -> 0.0096991458 | X19: =INDEX(POBLACION!$C$4:$W$128,MATCH(A19,POBLACION!$A$4:$A$128,0),MATCH($W$2,POBLACION!$C$3:$W$3,0)) -> 93044 | Y19: =(T19/X19)*1000000 -> 14538.213 | Z19: =(V19/X19)*1000000 -> 16007.432 | AA19: =LOG(Y19) -> 4.162511 | AB19: =LOG(Z19) -> 4.2043217 | AE19: Actividades artísticas, de entretenimiento y recreación; Actividades de los hogares individuales
A20: 05250 | B20: Bajo Cauca | C20: Región de Planeación y Gestión del Bajo Cauca - RPG | D20: El Bagre | E20: =SUMIFS('PIB-Mpal 2015-2022 Corrient '!H$5:H$1012,'PIB-Mpal 2015-2022 Corrient '!$A$5:$A$1012,$W$2,'PIB-Mpal 2015-2022 Corrient '!$E$5:$E$1012,$A20) -> 25.948993 | F20: =SUMIFS('PIB-Mpal 2015-2022 Corrient '!I$5:I$1012,'PIB-Mpal 2015-2022 Corrient '!$A$5:$A$1012,$W$2,'PIB-Mpal 2015-2022 Corrient '!$E$5:$E$1012,$A20) -> 307.03531 | G20: =SUMIFS('PIB-Mpal 2015-2022 Corrient '!K$5:K$1012,'PIB-Mpal 2015-2022 Corrient '!$A$5:$A$1012,$W$2,'PIB-Mpal 2015-2022 Corrient '!$E$5:$E$1012,$A20) -> 2.7200067 | H20: =SUMIFS('PIB-Mpal 2015-2022 Corrient '!L$5:L$1012,'PIB-Mpal 2015-2022 Corrient '!$A$5:$A$1012,$W$2,'PIB-Mpal 2015-2022 Corrient '!$E$5:$E$1012,$A20) -> 37.185969 | I20: =SUMIFS('PIB-Mpal 2015-2022 Corrient '!N$5:N$1012,'PIB-Mpal 2015-2022 Corrient '!$A$5:$A$1012,$W$2,'PIB-Mpal 2015-2022 Corrient '!$E$5:$E$1012,$A20) -> 28.554518 | J20: =SUMIFS('PIB-Mpal 2015-2022 Corrient '!O$5:O$1012,'PIB-Mpal 2015-2022 Corrient '!$A$5:$A$1012,$W$2,'PIB-Mpal 2015-2022 Corrient '!$E$5:$E$1012,$A20) -> 133.27434 | K20: =SUMIFS('PIB-Mpal 2015-2022 Corrient '!P$5:P$1012,'PIB-Mpal 2015-2022 Corrient '!$A$5:$A$1012,$W$2,'PIB-Mpal 2015-2022 Corrient '!$E$5:$E$1012,$A20) -> 20.854131 | L20: =SUMIFS('PIB-Mpal 2015-2022 Corrient '!Q$5:Q$1012,'PIB-Mpal 2015-2022 Corrient '!$A$5:$A$1012,$W$2,'PIB-Mpal 2015-2022 Corrient '!$E$5:$E$1012,$A20) -> 13.801788 | M20: =SUMIFS('PIB-Mpal 2015-2022 Corrient '!R$5:R$1012,'PIB-Mpal 2015-2022 Corrient '!$A$5:$A$1012,$W$2,'PIB-Mpal 2015-2022 Corrient '!$E$5:$E$1012,$A20) -> 28.191162 | N20: =SUMIFS('PIB-Mpal 2015-2022 Corrient '!S$5:S$1012,'PIB-Mpal 2015-2022 Corrient '!$A$5:$A$1012,$W$2,'PIB-Mpal 2015-2022 Corrient '!$E$5:$E$1012,$A20) -> 75.476661 | O20: =SUMIFS('PIB-Mpal 2015-2022 Corrient '!T$5:T$1012,'PIB-Mpal 2015-2022 Corrient '!$A$5:$A$1012,$W$2,'PIB-Mpal 2015-2022 Corrient '!$E$5:$E$1012,$A20) -> 98.0367 | P20: =SUMIFS('PIB-Mpal 2015-2022 Corrient '!U$5:U$1012,'PIB-Mpal 2015-2022 Corrient '!$A$5:$A$1012,$W$2,'PIB-Mpal 2015-2022 Corrient '!$E$5:$E$1012,$A20) -> 13.164174 | Q20: =SUMIFS('PIB-Mpal 2015-2022 Corrient '!J$5:J$1012,'PIB-Mpal 2015-2022 Corrient '!$A$5:$A$1012,$W$2,'PIB-Mpal 2015-2022 Corrient '!$E$5:$E$1012,$A20) -> 332.98431 | R20: =SUMIFS('PIB-Mpal 2015-2022 Corrient '!M$5:M$1012,'PIB-Mpal 2015-2022 Corrient '!$A$5:$A$1012,$W$2,'PIB-Mpal 2015-2022 Corrient '!$E$5:$E$1012,$A20) -> 39.905976 | S20: =SUMIFS('PIB-Mpal 2015-2022 Corrient '!V$5:V$1012,'PIB-Mpal 2015-2022 Corrient '!$A$5:$A$1012,$W$2,'PIB-Mpal 2015-2022 Corrient '!$E$5:$E$1012,$A20) -> 411.35347 | T20: =SUMIFS('PIB-Mpal 2015-2022 Corrient '!W$5:W$1012,'PIB-Mpal 2015-2022 Corrient '!$A$5:$A$1012,$W$2,'PIB-Mpal 2015-2022 Corrient '!$E$5:$E$1012,$A20) -> 784.24376 | U20: =SUMIFS('PIB-Mpal 2015-2022 Corrient '!X$5:X$1012,'PIB-Mpal 2015-2022 Corrient '!$A$5:$A$1012,$W$2,'PIB-Mpal 2015-2022 Corrient '!$E$5:$E$1012,$A20) -> 79.254983 | V20: =SUMIFS('PIB-Mpal 2015-2022 Corrient '!Y$5:Y$1012,'PIB-Mpal 2015-2022 Corrient '!$A$5:$A$1012,$W$2,'PIB-Mpal 2015-2022 Corrient '!$E$5:$E$1012,$A20) -> 863.49874 | W20: =V20/$V$5 -> 0.0056232211 | X20: =INDEX(POBLACION!$C$4:$W$128,MATCH(A20,POBLACION!$A$4:$A$128,0),MATCH($W$2,POBLACION!$C$3:$W$3,0)) -> 52925 | Y20: =(T20/X20)*1000000 -> 14818.021 | Z20: =(V20/X20)*1000000 -> 16315.517 | AA20: =LOG(Y20) -> 4.1707902 | AB20: =LOG(Z20) -> 4.2126008
A21: 05495 | B21: Bajo Cauca | C21: Región de Planeación y Gestión del Bajo Cauca - RPG | D21: Nechí | E21: =SUMIFS('PIB-Mpal 2015-2022 Corrient '!H$5:H$1012,'PIB-Mpal 2015-2022 Corrient '!$A$5:$A$1012,$W$2,'PIB-Mpal 2015-2022 Corrient '!$E$5:$E$1012,$A21) -> 45.075792 | F21: =SUMIFS('PIB-Mpal 2015-2022 Corrient '!I$5:I$1012,'PIB-Mpal 2015-2022 Corrient '!$A$5:$A$1012,$W$2,'PIB-Mpal 2015-2022 Corrient '!$E$5:$E$1012,$A21) -> 41.440664 | G21: =SUMIFS('PIB-Mpal 2015-2022 Corrient '!K$5:K$1012,'PIB-Mpal 2015-2022 Corrient '!$A$5:$A$1012,$W$2,'PIB-Mpal 2015-2022 Corrient '!$E$5:$E$1012,$A21) -> 10.269331 | H21: =SUMIFS('PIB-Mpal 2015-2022 Corrient '!L$5:L$1012,'PIB-Mpal 2015-2022 Corrient '!$A$5:$A$1012,$W$2,'PIB-Mpal 2015-2022 Corrient '!$E$5:$E$1012,$A21) -> 11.828223 | I21: =SUMIFS('PIB-Mpal 2015-2022 Corrient '!N$5:N$1012,'PIB-Mpal 2015-2022 Corrient '!$A$5:$A$1012,$W$2,'PIB-Mpal 2015-2022 Corrient '!$E$5:$E$1012,$A21) -> 20.723824 | J21: =SUMIFS('PIB-Mpal 2015-2022 Corrient '!O$5:O$1012,'PIB-Mpal 2015-2022 Corrient '!$A$5:$A$1012,$W$2,'PIB-Mpal 2015-2022 Corrient '!$E$5:$E$1012,$A21) -> 56.863829 | K21: =SUMIFS('PIB-Mpal 2015-2022 Corrient '!P$5:P$1012,'PIB-Mpal 2015-2022 Corrient '!$A$5:$A$1012,$W$2,'PIB-Mpal 2015-2022 Corrient '!$E$5:$E$1012,$A21) -> 8.4259202 | L21: =SUMIFS('PIB-Mpal 2015-2022 Corrient '!Q$5:Q$1012,'PIB-Mpal 2015-2022 Corrient '!$A$5:$A$1012,$W$2,'PIB-Mpal 2015-2022 Corrient '!$E$5:$E$1012,$A21) -> 5.2944819 | M21: =SUMIFS('PIB-Mpal 2015-2022 Corrient '!R$5:R$1012,'PIB-Mpal 2015-2022 Corrient '!$A$5:$A$1012,$W$2,'PIB-Mpal 2015-2022 Corrient '!$E$5:$E$1012,$A21) -> 14.517612 | N21: =SUMIFS('PIB-Mpal 2015-2022 Corrient '!S$5:S$1012,'PIB-Mpal 2015-2022 Corrient '!$A$5:$A$1012,$W$2,'PIB-Mpal 2015-2022 Corrient '!$E$5:$E$1012,$A21) -> 29.988519 | O21: =SUMIFS('PIB-Mpal 2015-2022 Corrient '!T$5:T$1012,'PIB-Mpal 2015-2022 Corrient '!$A$5:$A$1012,$W$2,'PIB-Mpal 2015-2022 Corrient '!$E$5:$E$1012,$A21) -> 54.044731 | P21: =SUMIFS('PIB-Mpal 2015-2022 Corrient '!U$5:U$1012,'PIB-Mpal 2015-2022 Corrient '!$A$5:$A$1012,$W$2,'PIB-Mpal 2015-2022 Corrient '!$E$5:$E$1012,$A21) -> 6.8018295 | Q21: =SUMIFS('PIB-Mpal 2015-2022 Corrient '!J$5:J$1012,'PIB-Mpal 2015-2022 Corrient '!$A$5:$A$1012,$W$2,'PIB-Mpal 2015-2022 Corrient '!$E$5:$E$1012,$A21) -> 86.516457 | R21: =SUMIFS('PIB-Mpal 2015-2022 Corrient '!M$5:M$1012,'PIB-Mpal 2015-2022 Corrient '!$A$5:$A$1012,$W$2,'PIB-Mpal 2015-2022 Corrient '!$E$5:$E$1012,$A21) -> 22.097555 | S21: =SUMIFS('PIB-Mpal 2015-2022 Corrient '!V$5:V$1012,'PIB-Mpal 2015-2022 Corrient '!$A$5:$A$1012,$W$2,'PIB-Mpal 2015-2022 Corrient '!$E$5:$E$1012,$A21) -> 196.66075 | T21: =SUMIFS('PIB-Mpal 2015-2022 Corrient '!W$5:W$1012,'PIB-Mpal 2015-2022 Corrient '!$A$5:$A$1012,$W$2,'PIB-Mpal 2015-2022 Corrient '!$E$5:$E$1012,$A21) -> 305.27476 | U21: =SUMIFS('PIB-Mpal 2015-2022 Corrient '!X$5:X$1012,'PIB-Mpal 2015-2022 Corrient '!$A$5:$A$1012,$W$2,'PIB-Mpal 2015-2022 Corrient '!$E$5:$E$1012,$A21) -> 30.850798 | V21: =SUMIFS('PIB-Mpal 2015-2022 Corrient '!Y$5:Y$1012,'PIB-Mpal 2015-2022 Corrient '!$A$5:$A$1012,$W$2,'PIB-Mpal 2015-2022 Corrient '!$E$5:$E$1012,$A21) -> 336.12556 | W21: =V21/$V$5 -> 0.0021888953 | X21: =INDEX(POBLACION!$C$4:$W$128,MATCH(A21,POBLACION!$A$4:$A$128,0),MATCH($W$2,POBLACION!$C$3:$W$3,0)) -> 26652 | Y21: =(T21/X21)*1000000 -> 11454.103 | Z21: =(V21/X21)*1000000 -> 12611.645 | AA21: =LOG(Y21) -> 4.0589611 | AB21: =LOG(Z21) -> 4.1007717
A22: 05790 | B22: Bajo Cauca | C22: Región de Planeación y Gestión del Bajo Cauca - RPG | D22: Tarazá | E22: =SUMIFS('PIB-Mpal 2015-2022 Corrient '!H$5:H$1012,'PIB-Mpal 2015-2022 Corrient '!$A$5:$A$1012,$W$2,'PIB-Mpal 2015-2022 Corrient '!$E$5:$E$1012,$A22) -> 21.165658 | F22: =SUMIFS('PIB-Mpal 2015-2022 Corrient '!I$5:I$1012,'PIB-Mpal 2015-2022 Corrient '!$A$5:$A$1012,$W$2,'PIB-Mpal 2015-2022 Corrient '!$E$5:$E$1012,$A22) -> 44.32346 | G22: =SUMIFS('PIB-Mpal 2015-2022 Corrient '!K$5:K$1012,'PIB-Mpal 2015-2022 Corrient '!$A$5:$A$1012,$W$2,'PIB-Mpal 2015-2022 Corrient '!$E$5:$E$1012,$A22) -> 3.8739714 | H22: =SUMIFS('PIB-Mpal 2015-2022 Corrient '!L$5:L$1012,'PIB-Mpal 2015-2022 Corrient '!$A$5:$A$1012,$W$2,'PIB-Mpal 2015-2022 Corrient '!$E$5:$E$1012,$A22) -> 19.454324 | I22: =SUMIFS('PIB-Mpal 2015-2022 Corrient '!N$5:N$1012,'PIB-Mpal 2015-2022 Corrient '!$A$5:$A$1012,$W$2,'PIB-Mpal 2015-2022 Corrient '!$E$5:$E$1012,$A22) -> 10.155265 | J22: =SUMIFS('PIB-Mpal 2015-2022 Corrient '!O$5:O$1012,'PIB-Mpal 2015-2022 Corrient '!$A$5:$A$1012,$W$2,'PIB-Mpal 2015-2022 Corrient '!$E$5:$E$1012,$A22) -> 54.222574 | K22: =SUMIFS('PIB-Mpal 2015-2022 Corrient '!P$5:P$1012,'PIB-Mpal 2015-2022 Corrient '!$A$5:$A$1012,$W$2,'PIB-Mpal 2015-2022 Corrient '!$E$5:$E$1012,$A22) -> 11.738258 | L22: =SUMIFS('PIB-Mpal 2015-2022 Corrient '!Q$5:Q$1012,'PIB-Mpal 2015-2022 Corrient '!$A$5:$A$1012,$W$2,'PIB-Mpal 2015-2022 Corrient '!$E$5:$E$1012,$A22) -> 7.5671263 | M22: =SUMIFS('PIB-Mpal 2015-2022 Corrient '!R$5:R$1012,'PIB-Mpal 2015-2022 Corrient '!$A$5:$A$1012,$W$2,'PIB-Mpal 2015-2022 Corrient '!$E$5:$E$1012,$A22) -> 18.951008 | N22: =SUMIFS('PIB-Mpal 2015-2022 Corrient '!S$5:S$1012,'PIB-Mpal 2015-2022 Corrient '!$A$5:$A$1012,$W$2,'PIB-Mpal 2015-2022 Corrient '!$E$5:$E$1012,$A22) -> 36.768593 | O22: =SUMIFS('PIB-Mpal 2015-2022 Corrient '!T$5:T$1012,'PIB-Mpal 2015-2022 Corrient '!$A$5:$A$1012,$W$2,'PIB-Mpal 2015-2022 Corrient '!$E$5:$E$1012,$A22) -> 83.89051 | P22: =SUMIFS('PIB-Mpal 2015-2022 Corrient '!U$5:U$1012,'PIB-Mpal 2015-2022 Corrient '!$A$5:$A$1012,$W$2,'PIB-Mpal 2015-2022 Corrient '!$E$5:$E$1012,$A22) -> 9.2380155 | Q22: =SUMIFS('PIB-Mpal 2015-2022 Corrient '!J$5:J$1012,'PIB-Mpal 2015-2022 Corrient '!$A$5:$A$1012,$W$2,'PIB-Mpal 2015-2022 Corrient '!$E$5:$E$1012,$A22) -> 65.489118 | R22: =SUMIFS('PIB-Mpal 2015-2022 Corrient '!M$5:M$1012,'PIB-Mpal 2015-2022 Corrient '!$A$5:$A$1012,$W$2,'PIB-Mpal 2015-2022 Corrient '!$E$5:$E$1012,$A22) -> 23.328295 | S22: =SUMIFS('PIB-Mpal 2015-2022 Corrient '!V$5:V$1012,'PIB-Mpal 2015-2022 Corrient '!$A$5:$A$1012,$W$2,'PIB-Mpal 2015-2022 Corrient '!$E$5:$E$1012,$A22) -> 232.53135 | T22: =SUMIFS('PIB-Mpal 2015-2022 Corrient '!W$5:W$1012,'PIB-Mpal 2015-2022 Corrient '!$A$5:$A$1012,$W$2,'PIB-Mpal 2015-2022 Corrient '!$E$5:$E$1012,$A22) -> 321.34876 | U22: =SUMIFS('PIB-Mpal 2015-2022 Corrient '!X$5:X$1012,'PIB-Mpal 2015-2022 Corrient '!$A$5:$A$1012,$W$2,'PIB-Mpal 2015-2022 Corrient '!$E$5:$E$1012,$A22) -> 32.475223 | V22: =SUMIFS('PIB-Mpal 2015-2022 Corrient '!Y$5:Y$1012,'PIB-Mpal 2015-2022 Corrient '!$A$5:$A$1012,$W$2,'PIB-Mpal 2015-2022 Corrient '!$E$5:$E$1012,$A22) -> 353.82399 | W22: =V22/$V$5 -> 0.0023041499 | X22: =INDEX(POBLACION!$C$4:$W$128,MATCH(A22,POBLACION!$A$4:$A$128,0),MATCH($W$2,POBLACION!$C$3:$W$3,0)) -> 27517 | Y22: =(T22/X22)*1000000 -> 11678.19 | Z22: =(V22/X22)*1000000 -> 12858.378 | AA22: =LOG(Y22) -> 4.0673756 | AB22: =LOG(Z22) -> 4.1091862
A23: 05895 | B23: Bajo Cauca | C23: Región de Planeación y Gestión del Bajo Cauca - RPG | D23: Zaragoza | E23: =SUMIFS('PIB-Mpal 2015-2022 Corrient '!H$5:H$1012,'PIB-Mpal 2015-2022 Corrient '!$A$5:$A$1012,$W$2,'PIB-Mpal 2015-2022 Corrient '!$E$5:$E$1012,$A23) -> 44.51818 | F23: =SUMIFS('PIB-Mpal 2015-2022 Corrient '!I$5:I$1012,'PIB-Mpal 2015-2022 Corrient '!$A$5:$A$1012,$W$2,'PIB-Mpal 2015-2022 Corrient '!$E$5:$E$1012,$A23) -> 170.4224 | G23: =SUMIFS('PIB-Mpal 2015-2022 Corrient '!K$5:K$1012,'PIB-Mpal 2015-2022 Corrient '!$A$5:$A$1012,$W$2,'PIB-Mpal 2015-2022 Corrient '!$E$5:$E$1012,$A23) -> 8.2460286 | H23: =SUMIFS('PIB-Mpal 2015-2022 Corrient '!L$5:L$1012,'PIB-Mpal 2015-2022 Corrient '!$A$5:$A$1012,$W$2,'PIB-Mpal 2015-2022 Corrient '!$E$5:$E$1012,$A23) -> 12.257816 | I23: =SUMIFS('PIB-Mpal 2015-2022 Corrient '!N$5:N$1012,'PIB-Mpal 2015-2022 Corrient '!$A$5:$A$1012,$W$2,'PIB-Mpal 2015-2022 Corrient '!$E$5:$E$1012,$A23) -> 35.523342 | J23: =SUMIFS('PIB-Mpal 2015-2022 Corrient '!O$5:O$1012,'PIB-Mpal 2015-2022 Corrient '!$A$5:$A$1012,$W$2,'PIB-Mpal 2015-2022 Corrient '!$E$5:$E$1012,$A23) -> 42.653283 | K23: =SUMIFS('PIB-Mpal 2015-2022 Corrient '!P$5:P$1012,'PIB-Mpal 2015-2022 Corrient '!$A$5:$A$1012,$W$2,'PIB-Mpal 2015-2022 Corrient '!$E$5:$E$1012,$A23) -> 6.5286428 | L23: =SUMIFS('PIB-Mpal 2015-2022 Corrient '!Q$5:Q$1012,'PIB-Mpal 2015-2022 Corrient '!$A$5:$A$1012,$W$2,'PIB-Mpal 2015-2022 Corrient '!$E$5:$E$1012,$A23) -> 3.6751033 | M23: =SUMIFS('PIB-Mpal 2015-2022 Corrient '!R$5:R$1012,'PIB-Mpal 2015-2022 Corrient '!$A$5:$A$1012,$W$2,'PIB-Mpal 2015-2022 Corrient '!$E$5:$E$1012,$A23) -> 12.980869 | N23: =SUMIFS('PIB-Mpal 2015-2022 Corrient '!S$5:S$1012,'PIB-Mpal 2015-2022 Corrient '!$A$5:$A$1012,$W$2,'PIB-Mpal 2015-2022 Corrient '!$E$5:$E$1012,$A23) -> 36.189125 | O23: =SUMIFS('PIB-Mpal 2015-2022 Corrient '!T$5:T$1012,'PIB-Mpal 2015-2022 Corrient '!$A$5:$A$1012,$W$2,'PIB-Mpal 2015-2022 Corrient '!$E$5:$E$1012,$A23) -> 52.069328 | P23: =SUMIFS('PIB-Mpal 2015-2022 Corrient '!U$5:U$1012,'PIB-Mpal 2015-2022 Corrient '!$A$5:$A$1012,$W$2,'PIB-Mpal 2015-2022 Corrient '!$E$5:$E$1012,$A23) -> 5.2472948 | Q23: =SUMIFS('PIB-Mpal 2015-2022 Corrient '!J$5:J$1012,'PIB-Mpal 2015-2022 Corrient '!$A$5:$A$1012,$W$2,'PIB-Mpal 2015-2022 Corrient '!$E$5:$E$1012,$A23) -> 214.94058 | R23: =SUMIFS('PIB-Mpal 2015-2022 Corrient '!M$5:M$1012,'PIB-Mpal 2015-2022 Corrient '!$A$5:$A$1012,$W$2,'PIB-Mpal 2015-2022 Corrient '!$E$5:$E$1012,$A23) -> 20.503845 | S23: =SUMIFS('PIB-Mpal 2015-2022 Corrient '!V$5:V$1012,'PIB-Mpal 2015-2022 Corrient '!$A$5:$A$1012,$W$2,'PIB-Mpal 2015-2022 Corrient '!$E$5:$E$1012,$A23) -> 194.86699 | T23: =SUMIFS('PIB-Mpal 2015-2022 Corrient '!W$5:W$1012,'PIB-Mpal 2015-2022 Corrient '!$A$5:$A$1012,$W$2,'PIB-Mpal 2015-2022 Corrient '!$E$5:$E$1012,$A23) -> 430.31141 | U23: =SUMIFS('PIB-Mpal 2015-2022 Corrient '!X$5:X$1012,'PIB-Mpal 2015-2022 Corrient '!$A$5:$A$1012,$W$2,'PIB-Mpal 2015-2022 Corrient '!$E$5:$E$1012,$A23) -> 43.486892 | V23: =SUMIFS('PIB-Mpal 2015-2022 Corrient '!Y$5:Y$1012,'PIB-Mpal 2015-2022 Corrient '!$A$5:$A$1012,$W$2,'PIB-Mpal 2015-2022 Corrient '!$E$5:$E$1012,$A23) -> 473.79831 | W23: =V23/$V$5 -> 0.003085439 | X23: =INDEX(POBLACION!$C$4:$W$128,MATCH(A23,POBLACION!$A$4:$A$128,0),MATCH($W$2,POBLACION!$C$3:$W$3,0)) -> 25210 | Y23: =(T23/X23)*1000000 -> 17069.076 | Z23: =(V23/X23)*1000000 -> 18794.062 | AA23: =LOG(Y23) -> 4.23221 | AB23: =LOG(Z23) -> 4.2740207
A24: SR03 | B24: Total Magdalena Medio | E24: =SUM(E25:E30) -> 119.87381 | F24: =SUM(F25:F30) -> 922.86612 | G24: =SUM(G25:G30) -> 133.59264 | H24: =SUM(H25:H30) -> 59.349645 | I24: =SUM(I25:I30) -> 152.07413 | J24: =SUM(J25:J30) -> 333.55076 | K24: =SUM(K25:K30) -> 42.289072 | L24: =SUM(L25:L30) -> 34.539103 | ... V24: =SUM(V25:V30) -> 2684.2231 | W24: =V24/$V$5 -> 0.017480026 | X24: =SUM(X25:X30) -> 105361 | Y24: =(T24/X24)*1000000 -> 23138.121 | Z24: =(V24/X24)*1000000 -> 25476.439 | AA24: =LOG(Y24) -> 4.3643281 | AB24: =LOG(Z24) -> 4.4061387
A25: 05142 | B25: Magdalena Medio | C25: A la fecha no ha conformado un Esquema Asociativo Territorial | D25: Caracolí | E25: =SUMIFS('PIB-Mpal 2015-2022 Corrient '!H$5:H$1012,'PIB-Mpal 2015-2022 Corrient '!$A$5:$A$1012,$W$2,'PIB-Mpal 2015-2022 Corrient '!$E$5:$E$1012,$A25) -> 7.4331897 | F25: =SUMIFS('PIB-Mpal 2015-2022 Corrient '!I$5:I$1012,'PIB-Mpal 2015-2022 Corrient '!$A$5:$A$1012,$W$2,'PIB-Mpal 2015-2022 Corrient '!$E$5:$E$1012,$A25) -> 0.24167524 | G25: =SUMIFS('PIB-Mpal 2015-2022 Corrient '!K$5:K$1012,'PIB-Mpal 2015-2022 Corrient '!$A$5:$A$1012,$W$2,'PIB-Mpal 2015-2022 Corrient '!$E$5:$E$1012,$A25) -> 0.83444903 | H25: =SUMIFS('PIB-Mpal 2015-2022 Corrient '!L$5:L$1012,'PIB-Mpal 2015-2022 Corrient '!$A$5:$A$1012,$W$2,'PIB-Mpal 2015-2022 Corrient '!$E$5:$E$1012,$A25) -> 3.7908871 | I25: =SUMIFS('PIB-Mpal 2015-2022 Corrient '!N$5:N$1012,'PIB-Mpal 2015-2022 Corrient '!$A$5:$A$1012,$W$2,'PIB-Mpal 2015-2022 Corrient '!$E$5:$E$1012,$A25) -> 3.4472161 | J25: =SUMIFS('PIB-Mpal 2015-2022 Corrient '!O$5:O$1012,'PIB-Mpal 2015-2022 Corrient '!$A$5:$A$1012,$W$2,'PIB-Mpal 2015-2022 Corrient '!$E$5:$E$1012,$A25) -> 7.6435124 | K25: =SUMIFS('PIB-Mpal 2015-2022 Corrient '!P$5:P$1012,'PIB-Mpal 2015-2022 Corrient '!$A$5:$A$1012,$W$2,'PIB-Mpal 2015-2022 Corrient '!$E$5:$E$1012,$A25) -> 1.7216539 | L25: =SUMIFS('PIB-Mpal 2015-2022 Corrient '!Q$5:Q$1012,'PIB-Mpal 2015-2022 Corrient '!$A$5:$A$1012,$W$2,'PIB-Mpal 2015-2022 Corrient '!$E$5:$E$1012,$A25) -> 1.2681901 | M25: =SUMIFS('PIB-Mpal 2015-2022 Corrient '!R$5:R$1012,'PIB-Mpal 2015-2022 Corrient '!$A$5:$A$1012,$W$2,'PIB-Mpal 2015-2022 Corrient '!$E$5:$E$1012,$A25) -> 4.0572009 | N25: =SUMIFS('PIB-Mpal 2015-2022 Corrient '!S$5:S$1012,'PIB-Mpal 2015-2022 Corrient '!$A$5:$A$1012,$W$2,'PIB-Mpal 2015-2022 Corrient '!$E$5:$E$1012,$A25) -> 6.5827379 | O25: =SUMIFS('PIB-Mpal 2015-2022 Corrient '!T$5:T$1012,'PIB-Mpal 2015-2022 Corrient '!$A$5:$A$1012,$W$2,'PIB-Mpal 2015-2022 Corrient '!$E$5:$E$1012,$A25) -> 14.450635 | P25: =SUMIFS('PIB-Mpal 2015-2022 Corrient '!U$5:U$1012,'PIB-Mpal 2015-2022 Corrient '!$A$5:$A$1012,$W$2,'PIB-Mpal 2015-2022 Corrient '!$E$5:$E$1012,$A25) -> 1.7905143 | Q25: =SUMIFS('PIB-Mpal 2015-2022 Corrient '!J$5:J$1012,'PIB-Mpal 2015-2022 Corrient '!$A$5:$A$1012,$W$2,'PIB-Mpal 2015-2022 Corrient '!$E$5:$E$1012,$A25) -> 7.6748649 | R25: =SUMIFS('PIB-Mpal 2015-2022 Corrient '!M$5:M$1012,'PIB-Mpal 2015-2022 Corrient '!$A$5:$A$1012,$W$2,'PIB-Mpal 2015-2022 Corrient '!$E$5:$E$1012,$A25) -> 4.6253361 | S25: =SUMIFS('PIB-Mpal 2015-2022 Corrient '!V$5:V$1012,'PIB-Mpal 2015-2022 Corrient '!$A$5:$A$1012,$W$2,'PIB-Mpal 2015-2022 Corrient '!$E$5:$E$1012,$A25) -> 40.961661 | T25: =SUMIFS('PIB-Mpal 2015-2022 Corrient '!W$5:W$1012,'PIB-Mpal 2015-2022 Corrient '!$A$5:$A$1012,$W$2,'PIB-Mpal 2015-2022 Corrient '!$E$5:$E$1012,$A25) -> 53.261862 | U25: =SUMIFS('PIB-Mpal 2015-2022 Corrient '!X$5:X$1012,'PIB-Mpal 2015-2022 Corrient '!$A$5:$A$1012,$W$2,'PIB-Mpal 2015-2022 Corrient '!$E$5:$E$1012,$A25) -> 5.3825969 | V25: =SUMIFS('PIB-Mpal 2015-2022 Corrient '!Y$5:Y$1012,'PIB-Mpal 2015-2022 Corrient '!$A$5:$A$1012,$W$2,'PIB-Mpal 2015-2022 Corrient '!$E$5:$E$1012,$A25) -> 58.644459 | W25: =V25/$V$5 -> 0.00038190069 | X25: =INDEX(POBLACION!$C$4:$W$128,MATCH(A25,POBLACION!$A$4:$A$128,0),MATCH($W$2,POBLACION!$C$3:$W$3,0)) -> 4537 | Y25: =(T25/X25)*1000000 -> 11739.445 | Z25: =(V25/X25)*1000000 -> 12925.823 | AA25: =LOG(Y25) -> 4.0696476 | AB25: =LOG(Z25) -> 4.1114582
A26: 05425 | B26: Magdalena Medio | C26: A la fecha no ha conformado un Esquema Asociativo Territorial | D26: Maceo | E26: =SUMIFS('PIB-Mpal 2015-2022 Corrient '!H$5:H$1012,'PIB-Mpal 2015-2022 Corrient '!$A$5:$A$1012,$W$2,'PIB-Mpal 2015-2022 Corrient '!$E$5:$E$1012,$A26) -> 22.466512 | F26: =SUMIFS('PIB-Mpal 2015-2022 Corrient '!I$5:I$1012,'PIB-Mpal 2015-2022 Corrient '!$A$5:$A$1012,$W$2,'PIB-Mpal 2015-2022 Corrient '!$E$5:$E$1012,$A26) -> 0 | G26: =SUMIFS('PIB-Mpal 2015-2022 Corrient '!K$5:K$1012,'PIB-Mpal 2015-2022 Corrient '!$A$5:$A$1012,$W$2,'PIB-Mpal 2015-2022 Corrient '!$E$5:$E$1012,$A26) -> 1.1623718 | H26: =SUMIFS('PIB-Mpal 2015-2022 Corrient '!L$5:L$1012,'PIB-Mpal 2015-2022 Corrient '!$A$5:$A$1012,$W$2,'PIB-Mpal 2015-2022 Corrient '!$E$5:$E$1012,$A26) -> 7.9410802 | I26: =SUMIFS('PIB-Mpal 2015-2022 Corrient '!N$5:N$1012,'PIB-Mpal 2015-2022 Corrient '!$A$5:$A$1012,$W$2,'PIB-Mpal 2015-2022 Corrient '!$E$5:$E$1012,$A26) -> 3.1701541 | J26: =SUMIFS('PIB-Mpal 2015-2022 Corrient '!O$5:O$1012,'PIB-Mpal 2015-2022 Corrient '!$A$5:$A$1012,$W$2,'PIB-Mpal 2015-2022 Corrient '!$E$5:$E$1012,$A26) -> 22.899057 | K26: =SUMIFS('PIB-Mpal 2015-2022 Corrient '!P$5:P$1012,'PIB-Mpal 2015-2022 Corrient '!$A$5:$A$1012,$W$2,'PIB-Mpal 2015-2022 Corrient '!$E$5:$E$1012,$A26) -> 2.7570423 | L26: =SUMIFS('PIB-Mpal 2015-2022 Corrient '!Q$5:Q$1012,'PIB-Mpal 2015-2022 Corrient '!$A$5:$A$1012,$W$2,'PIB-Mpal 2015-2022 Corrient '!$E$5:$E$1012,$A26) -> 1.8223586 | M26: =SUMIFS('PIB-Mpal 2015-2022 Corrient '!R$5:R$1012,'PIB-Mpal 2015-2022 Corrient '!$A$5:$A$1012,$W$2,'PIB-Mpal 2015-2022 Corrient '!$E$5:$E$1012,$A26) -> 7.523762 | N26: =SUMIFS('PIB-Mpal 2015-2022 Corrient '!S$5:S$1012,'PIB-Mpal 2015-2022 Corrient '!$A$5:$A$1012,$W$2,'PIB-Mpal 2015-2022 Corrient '!$E$5:$E$1012,$A26) -> 10.29333 | O26: =SUMIFS('PIB-Mpal 2015-2022 Corrient '!T$5:T$1012,'PIB-Mpal 2015-2022 Corrient '!$A$5:$A$1012,$W$2,'PIB-Mpal 2015-2022 Corrient '!$E$5:$E$1012,$A26) -> 20.569368 | P26: =SUMIFS('PIB-Mpal 2015-2022 Corrient '!U$5:U$1012,'PIB-Mpal 2015-2022 Corrient '!$A$5:$A$1012,$W$2,'PIB-Mpal 2015-2022 Corrient '!$E$5:$E$1012,$A26) -> 3.624437 | Q26: =SUMIFS('PIB-Mpal 2015-2022 Corrient '!J$5:J$1012,'PIB-Mpal 2015-2022 Corrient '!$A$5:$A$1012,$W$2,'PIB-Mpal 2015-2022 Corrient '!$E$5:$E$1012,$A26) -> 22.466512 | R26: =SUMIFS('PIB-Mpal 2015-2022 Corrient '!M$5:M$1012,'PIB-Mpal 2015-2022 Corrient '!$A$5:$A$1012,$W$2,'PIB-Mpal 2015-2022 Corrient '!$E$5:$E$1012,$A26) -> 9.1034519 | S26: =SUMIFS('PIB-Mpal 2015-2022 Corrient '!V$5:V$1012,'PIB-Mpal 2015-2022 Corrient '!$A$5:$A$1012,$W$2,'PIB-Mpal 2015-2022 Corrient '!$E$5:$E$1012,$A26) -> 72.659508 | T26: =SUMIFS('PIB-Mpal 2015-2022 Corrient '!W$5:W$1012,'PIB-Mpal 2015-2022 Corrient '!$A$5:$A$1012,$W$2,'PIB-Mpal 2015-2022 Corrient '!$E$5:$E$1012,$A26) -> 104.22947 | U26: =SUMIFS('PIB-Mpal 2015-2022 Corrient '!X$5:X$1012,'PIB-Mpal 2015-2022 Corrient '!$A$5:$A$1012,$W$2,'PIB-Mpal 2015-2022 Corrient '!$E$5:$E$1012,$A26) -> 10.533339 | V26: =SUMIFS('PIB-Mpal 2015-2022 Corrient '!Y$5:Y$1012,'PIB-Mpal 2015-2022 Corrient '!$A$5:$A$1012,$W$2,'PIB-Mpal 2015-2022 Corrient '!$E$5:$E$1012,$A26) -> 114.76281 | W26: =V26/$V$5 -> 0.00074735102 | X26: =INDEX(POBLACION!$C$4:$W$128,MATCH(A26,POBLACION!$A$4:$A$128,0),MATCH($W$2,POBLACION!$C$3:$W$3,0)) -> 8218 | Y26: =(T26/X26)*1000000 -> 12683.07 | Z26: =(V26/X26)*1000000 -> 13964.81 | AA26: =LOG(Y26) -> 4.1032244 | AB26: =LOG(Z26) -> 4.145035
A27: 05579 | B27: Magdalena Medio | C27: A la fecha no ha conformado un Esquema Asociativo Territorial | D27: Puerto Berrío | E27: =SUMIFS('PIB-Mpal 2015-2022 Corrient '!H$5:H$1012,'PIB-Mpal 2015-2022 Corrient '!$A$5:$A$1012,$W$2,'PIB-Mpal 2015-2022 Corrient '!$E$5:$E$1012,$A27) -> 27.739726 | F27: =SUMIFS('PIB-Mpal 2015-2022 Corrient '!I$5:I$1012,'PIB-Mpal 2015-2022 Corrient '!$A$5:$A$1012,$W$2,'PIB-Mpal 2015-2022 Corrient '!$E$5:$E$1012,$A27) -> 74.99543 | G27: =SUMIFS('PIB-Mpal 2015-2022 Corrient '!K$5:K$1012,'PIB-Mpal 2015-2022 Corrient '!$A$5:$A$1012,$W$2,'PIB-Mpal 2015-2022 Corrient '!$E$5:$E$1012,$A27) -> 51.421947 | H27: =SUMIFS('PIB-Mpal 2015-2022 Corrient '!L$5:L$1012,'PIB-Mpal 2015-2022 Corrient '!$A$5:$A$1012,$W$2,'PIB-Mpal 2015-2022 Corrient '!$E$5:$E$1012,$A27) -> 13.996082 | I27: =SUMIFS('PIB-Mpal 2015-2022 Corrient '!N$5:N$1012,'PIB-Mpal 2015-2022 Corrient '!$A$5:$A$1012,$W$2,'PIB-Mpal 2015-2022 Corrient '!$E$5:$E$1012,$A27) -> 48.317594 | J27: =SUMIFS('PIB-Mpal 2015-2022 Corrient '!O$5:O$1012,'PIB-Mpal 2015-2022 Corrient '!$A$5:$A$1012,$W$2,'PIB-Mpal 2015-2022 Corrient '!$E$5:$E$1012,$A27) -> 170.19069 | K27: =SUMIFS('PIB-Mpal 2015-2022 Corrient '!P$5:P$1012,'PIB-Mpal 2015-2022 Corrient '!$A$5:$A$1012,$W$2,'PIB-Mpal 2015-2022 Corrient '!$E$5:$E$1012,$A27) -> 18.524163 | L27: =SUMIFS('PIB-Mpal 2015-2022 Corrient '!Q$5:Q$1012,'PIB-Mpal 2015-2022 Corrient '!$A$5:$A$1012,$W$2,'PIB-Mpal 2015-2022 Corrient '!$E$5:$E$1012,$A27) -> 23.908467 | M27: =SUMIFS('PIB-Mpal 2015-2022 Corrient '!R$5:R$1012,'PIB-Mpal 2015-2022 Corrient '!$A$5:$A$1012,$W$2,'PIB-Mpal 2015-2022 Corrient '!$E$5:$E$1012,$A27) -> 52.049924 | N27: =SUMIFS('PIB-Mpal 2015-2022 Corrient '!S$5:S$1012,'PIB-Mpal 2015-2022 Corrient '!$A$5:$A$1012,$W$2,'PIB-Mpal 2015-2022 Corrient '!$E$5:$E$1012,$A27) -> 72.365484 | O27: =SUMIFS('PIB-Mpal 2015-2022 Corrient '!T$5:T$1012,'PIB-Mpal 2015-2022 Corrient '!$A$5:$A$1012,$W$2,'PIB-Mpal 2015-2022 Corrient '!$E$5:$E$1012,$A27) -> 89.8409 | P27: =SUMIFS('PIB-Mpal 2015-2022 Corrient '!U$5:U$1012,'PIB-Mpal 2015-2022 Corrient '!$A$5:$A$1012,$W$2,'PIB-Mpal 2015-2022 Corrient '!$E$5:$E$1012,$A27) -> 20.569974 | Q27: =SUMIFS('PIB-Mpal 2015-2022 Corrient '!J$5:J$1012,'PIB-Mpal 2015-2022 Corrient '!$A$5:$A$1012,$W$2,'PIB-Mpal 2015-2022 Corrient '!$E$5:$E$1012,$A27) -> 102.73516 | R27: =SUMIFS('PIB-Mpal 2015-2022 Corrient '!M$5:M$1012,'PIB-Mpal 2015-2022 Corrient '!$A$5:$A$1012,$W$2,'PIB-Mpal 2015-2022 Corrient '!$E$5:$E$1012,$A27) -> 65.418029 | S27: =SUMIFS('PIB-Mpal 2015-2022 Corrient '!V$5:V$1012,'PIB-Mpal 2015-2022 Corrient '!$A$5:$A$1012,$W$2,'PIB-Mpal 2015-2022 Corrient '!$E$5:$E$1012,$A27) -> 495.7672 | T27: =SUMIFS('PIB-Mpal 2015-2022 Corrient '!W$5:W$1012,'PIB-Mpal 2015-2022 Corrient '!$A$5:$A$1012,$W$2,'PIB-Mpal 2015-2022 Corrient '!$E$5:$E$1012,$A27) -> 663.92038 | U27: =SUMIFS('PIB-Mpal 2015-2022 Corrient '!X$5:X$1012,'PIB-Mpal 2015-2022 Corrient '!$A$5:$A$1012,$W$2,'PIB-Mpal 2015-2022 Corrient '!$E$5:$E$1012,$A27) -> 67.095209 | V27: =SUMIFS('PIB-Mpal 2015-2022 Corrient '!Y$5:Y$1012,'PIB-Mpal 2015-2022 Corrient '!$A$5:$A$1012,$W$2,'PIB-Mpal 2015-2022 Corrient '!$E$5:$E$1012,$A27) -> 731.01559 | W27: =V27/$V$5 -> 0.0047604729 | X27: =INDEX(POBLACION!$C$4:$W$128,MATCH(A27,POBLACION!$A$4:$A$128,0),MATCH($W$2,POBLACION!$C$3:$W$3,0)) -> 40048 | Y27: =(T27/X27)*1000000 -> 16578.116 | Z27: =(V27/X27)*1000000 -> 18253.486 | AA27: =LOG(Y27) -> 4.2195352 | AB27: =LOG(Z27) -> 4.2613458
A28: 05585 | B28: Magdalena Medio | C28: A la fecha no ha conformado un Esquema Asociativo Territorial | D28: Puerto Nare | E28: =SUMIFS('PIB-Mpal 2015-2022 Corrient '!H$5:H$1012,'PIB-Mpal 2015-2022 Corrient '!$A$5:$A$1012,$W$2,'PIB-Mpal 2015-2022 Corrient '!$E$5:$E$1012,$A28) -> 7.8555077 | F28: =SUMIFS('PIB-Mpal 2015-2022 Corrient '!I$5:I$1012,'PIB-Mpal 2015-2022 Corrient '!$A$5:$A$1012,$W$2,'PIB-Mpal 2015-2022 Corrient '!$E$5:$E$1012,$A28) -> 124.09049 | G28: =SUMIFS('PIB-Mpal 2015-2022 Corrient '!K$5:K$1012,'PIB-Mpal 2015-2022 Corrient '!$A$5:$A$1012,$W$2,'PIB-Mpal 2015-2022 Corrient '!$E$5:$E$1012,$A28) -> 55.745029 | H28: =SUMIFS('PIB-Mpal 2015-2022 Corrient '!L$5:L$1012,'PIB-Mpal 2015-2022 Corrient '!$A$5:$A$1012,$W$2,'PIB-Mpal 2015-2022 Corrient '!$E$5:$E$1012,$A28) -> 7.3087462 | I28: =SUMIFS('PIB-Mpal 2015-2022 Corrient '!N$5:N$1012,'PIB-Mpal 2015-2022 Corrient '!$A$5:$A$1012,$W$2,'PIB-Mpal 2015-2022 Corrient '!$E$5:$E$1012,$A28) -> 65.75386 | J28: =SUMIFS('PIB-Mpal 2015-2022 Corrient '!O$5:O$1012,'PIB-Mpal 2015-2022 Corrient '!$A$5:$A$1012,$W$2,'PIB-Mpal 2015-2022 Corrient '!$E$5:$E$1012,$A28) -> 42.634964 | K28: =SUMIFS('PIB-Mpal 2015-2022 Corrient '!P$5:P$1012,'PIB-Mpal 2015-2022 Corrient '!$A$5:$A$1012,$W$2,'PIB-Mpal 2015-2022 Corrient '!$E$5:$E$1012,$A28) -> 9.3191941 | L28: =SUMIFS('PIB-Mpal 2015-2022 Corrient '!Q$5:Q$1012,'PIB-Mpal 2015-2022 Corrient '!$A$5:$A$1012,$W$2,'PIB-Mpal 2015-2022 Corrient '!$E$5:$E$1012,$A28) -> 4.0413913 | M28: =SUMIFS('PIB-Mpal 2015-2022 Corrient '!R$5:R$1012,'PIB-Mpal 2015-2022 Corrient '!$A$5:$A$1012,$W$2,'PIB-Mpal 2015-2022 Corrient '!$E$5:$E$1012,$A28) -> 20.70015 | N28: =SUMIFS('PIB-Mpal 2015-2022 Corrient '!S$5:S$1012,'PIB-Mpal 2015-2022 Corrient '!$A$5:$A$1012,$W$2,'PIB-Mpal 2015-2022 Corrient '!$E$5:$E$1012,$A28) -> 57.525037 | O28: =SUMIFS('PIB-Mpal 2015-2022 Corrient '!T$5:T$1012,'PIB-Mpal 2015-2022 Corrient '!$A$5:$A$1012,$W$2,'PIB-Mpal 2015-2022 Corrient '!$E$5:$E$1012,$A28) -> 69.568643 | P28: =SUMIFS('PIB-Mpal 2015-2022 Corrient '!U$5:U$1012,'PIB-Mpal 2015-2022 Corrient '!$A$5:$A$1012,$W$2,'PIB-Mpal 2015-2022 Corrient '!$E$5:$E$1012,$A28) -> 16.823273 | Q28: =SUMIFS('PIB-Mpal 2015-2022 Corrient '!J$5:J$1012,'PIB-Mpal 2015-2022 Corrient '!$A$5:$A$1012,$W$2,'PIB-Mpal 2015-2022 Corrient '!$E$5:$E$1012,$A28) -> 131.94599 | R28: =SUMIFS('PIB-Mpal 2015-2022 Corrient '!M$5:M$1012,'PIB-Mpal 2015-2022 Corrient '!$A$5:$A$1012,$W$2,'PIB-Mpal 2015-2022 Corrient '!$E$5:$E$1012,$A28) -> 63.053775 | S28: =SUMIFS('PIB-Mpal 2015-2022 Corrient '!V$5:V$1012,'PIB-Mpal 2015-2022 Corrient '!$A$5:$A$1012,$W$2,'PIB-Mpal 2015-2022 Corrient '!$E$5:$E$1012,$A28) -> 286.36651 | T28: =SUMIFS('PIB-Mpal 2015-2022 Corrient '!W$5:W$1012,'PIB-Mpal 2015-2022 Corrient '!$A$5:$A$1012,$W$2,'PIB-Mpal 2015-2022 Corrient '!$E$5:$E$1012,$A28) -> 481.36628 | U28: =SUMIFS('PIB-Mpal 2015-2022 Corrient '!X$5:X$1012,'PIB-Mpal 2015-2022 Corrient '!$A$5:$A$1012,$W$2,'PIB-Mpal 2015-2022 Corrient '!$E$5:$E$1012,$A28) -> 48.646452 | V28: =SUMIFS('PIB-Mpal 2015-2022 Corrient '!Y$5:Y$1012,'PIB-Mpal 2015-2022 Corrient '!$A$5:$A$1012,$W$2,'PIB-Mpal 2015-2022 Corrient '!$E$5:$E$1012,$A28) -> 530.01273 | W28: =V28/$V$5 -> 0.003451515 | X28: =INDEX(POBLACION!$C$4:$W$128,MATCH(A28,POBLACION!$A$4:$A$128,0),MATCH($W$2,POBLACION!$C$3:$W$3,0)) -> 14384 | Y28: =(T28/X28)*1000000 -> 33465.398 | Z28: =(V28/X28)*1000000 -> 36847.381 | AA28: =LOG(Y28) -> 4.524596 | AB28: =LOG(Z28) -> 4.5664066
A29: 05591 | B29: Magdalena Medio | C29: A la fecha no ha conformado un Esquema Asociativo Territorial | D29: Puerto Triunfo | E29: =SUMIFS('PIB-Mpal 2015-2022 Corrient '!H$5:H$1012,'PIB-Mpal 2015-2022 Corrient '!$A$5:$A$1012,$W$2,'PIB-Mpal 2015-2022 Corrient '!$E$5:$E$1012,$A29) -> 11.61996 | F29: =SUMIFS('PIB-Mpal 2015-2022 Corrient '!I$5:I$1012,'PIB-Mpal 2015-2022 Corrient '!$A$5:$A$1012,$W$2,'PIB-Mpal 2015-2022 Corrient '!$E$5:$E$1012,$A29) -> 8.9491032 | G29: =SUMIFS('PIB-Mpal 2015-2022 Corrient '!K$5:K$1012,'PIB-Mpal 2015-2022 Corrient '!$A$5:$A$1012,$W$2,'PIB-Mpal 2015-2022 Corrient '!$E$5:$E$1012,$A29) -> 21.285388 | H29: =SUMIFS('PIB-Mpal 2015-2022 Corrient '!L$5:L$1012,'PIB-Mpal 2015-2022 Corrient '!$A$5:$A$1012,$W$2,'PIB-Mpal 2015-2022 Corrient '!$E$5:$E$1012,$A29) -> 7.062601 | I29: =SUMIFS('PIB-Mpal 2015-2022 Corrient '!N$5:N$1012,'PIB-Mpal 2015-2022 Corrient '!$A$5:$A$1012,$W$2,'PIB-Mpal 2015-2022 Corrient '!$E$5:$E$1012,$A29) -> 14.868533 | J29: =SUMIFS('PIB-Mpal 2015-2022 Corrient '!O$5:O$1012,'PIB-Mpal 2015-2022 Corrient '!$A$5:$A$1012,$W$2,'PIB-Mpal 2015-2022 Corrient '!$E$5:$E$1012,$A29) -> 65.02933 | K29: =SUMIFS('PIB-Mpal 2015-2022 Corrient '!P$5:P$1012,'PIB-Mpal 2015-2022 Corrient '!$A$5:$A$1012,$W$2,'PIB-Mpal 2015-2022 Corrient '!$E$5:$E$1012,$A29) -> 5.3669234 | L29: =SUMIFS('PIB-Mpal 2015-2022 Corrient '!Q$5:Q$1012,'PIB-Mpal 2015-2022 Corrient '!$A$5:$A$1012,$W$2,'PIB-Mpal 2015-2022 Corrient '!$E$5:$E$1012,$A29) -> 1.7211888 | M29: =SUMIFS('PIB-Mpal 2015-2022 Corrient '!R$5:R$1012,'PIB-Mpal 2015-2022 Corrient '!$A$5:$A$1012,$W$2,'PIB-Mpal 2015-2022 Corrient '!$E$5:$E$1012,$A29) -> 14.598441 | N29: =SUMIFS('PIB-Mpal 2015-2022 Corrient '!S$5:S$1012,'PIB-Mpal 2015-2022 Corrient '!$A$5:$A$1012,$W$2,'PIB-Mpal 2015-2022 Corrient '!$E$5:$E$1012,$A29) -> 18.529699 | O29: =SUMIFS('PIB-Mpal 2015-2022 Corrient '!T$5:T$1012,'PIB-Mpal 2015-2022 Corrient '!$A$5:$A$1012,$W$2,'PIB-Mpal 2015-2022 Corrient '!$E$5:$E$1012,$A29) -> 25.323645 | P29: =SUMIFS('PIB-Mpal 2015-2022 Corrient '!U$5:U$1012,'PIB-Mpal 2015-2022 Corrient '!$A$5:$A$1012,$W$2,'PIB-Mpal 2015-2022 Corrient '!$E$5:$E$1012,$A29) -> 4.9503435 | Q29: =SUMIFS('PIB-Mpal 2015-2022 Corrient '!J$5:J$1012,'PIB-Mpal 2015-2022 Corrient '!$A$5:$A$1012,$W$2,'PIB-Mpal 2015-2022 Corrient '!$E$5:$E$1012,$A29) -> 20.569063 | R29: =SUMIFS('PIB-Mpal 2015-2022 Corrient '!M$5:M$1012,'PIB-Mpal 2015-2022 Corrient '!$A$5:$A$1012,$W$2,'PIB-Mpal 2015-2022 Corrient '!$E$5:$E$1012,$A29) -> 28.347989 | S29: =SUMIFS('PIB-Mpal 2015-2022 Corrient '!V$5:V$1012,'PIB-Mpal 2015-2022 Corrient '!$A$5:$A$1012,$W$2,'PIB-Mpal 2015-2022 Corrient '!$E$5:$E$1012,$A29) -> 150.3881 | T29: =SUMIFS('PIB-Mpal 2015-2022 Corrient '!W$5:W$1012,'PIB-Mpal 2015-2022 Corrient '!$A$5:$A$1012,$W$2,'PIB-Mpal 2015-2022 Corrient '!$E$5:$E$1012,$A29) -> 199.30516 | U29: =SUMIFS('PIB-Mpal 2015-2022 Corrient '!X$5:X$1012,'PIB-Mpal 2015-2022 Corrient '!$A$5:$A$1012,$W$2,'PIB-Mpal 2015-2022 Corrient '!$E$5:$E$1012,$A29) -> 20.141603 | V29: =SUMIFS('PIB-Mpal 2015-2022 Corrient '!Y$5:Y$1012,'PIB-Mpal 2015-2022 Corrient '!$A$5:$A$1012,$W$2,'PIB-Mpal 2015-2022 Corrient '!$E$5:$E$1012,$A29) -> 219.44676 | W29: =V29/$V$5 -> 0.0014290671 | X29: =INDEX(POBLACION!$C$4:$W$128,MATCH(A29,POBLACION!$A$4:$A$128,0),MATCH($W$2,POBLACION!$C$3:$W$3,0)) -> 18550 | Y29: =(T29/X29)*1000000 -> 10744.213 | Z29: =(V29/X29)*1000000 -> 11830.014 | AA29: =LOG(Y29) -> 4.0311746 | AB29: =LOG(Z29) -> 4.0729853
A30: 05893 | B30: Magdalena Medio | C30: A la fecha no ha conformado un Esquema Asociativo Territorial | D30: Yondó | E30: =SUMIFS('PIB-Mpal 2015-2022 Corrient '!H$5:H$1012,'PIB-Mpal 2015-2022 Corrient '!$A$5:$A$1012,$W$2,'PIB-Mpal 2015-2022 Corrient '!$E$5:$E$1012,$A30) -> 42.758911 | F30: =SUMIFS('PIB-Mpal 2015-2022 Corrient '!I$5:I$1012,'PIB-Mpal 2015-2022 Corrient '!$A$5:$A$1012,$W$2,'PIB-Mpal 2015-2022 Corrient '!$E$5:$E$1012,$A30) -> 714.58943 | G30: =SUMIFS('PIB-Mpal 2015-2022 Corrient '!K$5:K$1012,'PIB-Mpal 2015-2022 Corrient '!$A$5:$A$1012,$W$2,'PIB-Mpal 2015-2022 Corrient '!$E$5:$E$1012,$A30) -> 3.143453 | H30: =SUMIFS('PIB-Mpal 2015-2022 Corrient '!L$5:L$1012,'PIB-Mpal 2015-2022 Corrient '!$A$5:$A$1012,$W$2,'PIB-Mpal 2015-2022 Corrient '!$E$5:$E$1012,$A30) -> 19.250248 | I30: =SUMIFS('PIB-Mpal 2015-2022 Corrient '!N$5:N$1012,'PIB-Mpal 2015-2022 Corrient '!$A$5:$A$1012,$W$2,'PIB-Mpal 2015-2022 Corrient '!$E$5:$E$1012,$A30) -> 16.516778 | J30: =SUMIFS('PIB-Mpal 2015-2022 Corrient '!O$5:O$1012,'PIB-Mpal 2015-2022 Corrient '!$A$5:$A$1012,$W$2,'PIB-Mpal 2015-2022 Corrient '!$E$5:$E$1012,$A30) -> 25.153204 | K30: =SUMIFS('PIB-Mpal 2015-2022 Corrient '!P$5:P$1012,'PIB-Mpal 2015-2022 Corrient '!$A$5:$A$1012,$W$2,'PIB-Mpal 2015-2022 Corrient '!$E$5:$E$1012,$A30) -> 4.600095 | L30: =SUMIFS('PIB-Mpal 2015-2022 Corrient '!Q$5:Q$1012,'PIB-Mpal 2015-2022 Corrient '!$A$5:$A$1012,$W$2,'PIB-Mpal 2015-2022 Corrient '!$E$5:$E$1012,$A30) -> 1.7775075 | M30: =SUMIFS('PIB-Mpal 2015-2022 Corrient '!R$5:R$1012,'PIB-Mpal 2015-2022 Corrient '!$A$5:$A$1012,$W$2,'PIB-Mpal 2015-2022 Corrient '!$E$5:$E$1012,$A30) -> 11.44075 | N30: =SUMIFS('PIB-Mpal 2015-2022 Corrient '!S$5:S$1012,'PIB-Mpal 2015-2022 Corrient '!$A$5:$A$1012,$W$2,'PIB-Mpal 2015-2022 Corrient '!$E$5:$E$1012,$A30) -> 60.00504 | O30: =SUMIFS('PIB-Mpal 2015-2022 Corrient '!T$5:T$1012,'PIB-Mpal 2015-2022 Corrient '!$A$5:$A$1012,$W$2,'PIB-Mpal 2015-2022 Corrient '!$E$5:$E$1012,$A30) -> 29.271892 | P30: =SUMIFS('PIB-Mpal 2015-2022 Corrient '!U$5:U$1012,'PIB-Mpal 2015-2022 Corrient '!$A$5:$A$1012,$W$2,'PIB-Mpal 2015-2022 Corrient '!$E$5:$E$1012,$A30) -> 7.2650899 | Q30: =SUMIFS('PIB-Mpal 2015-2022 Corrient '!J$5:J$1012,'PIB-Mpal 2015-2022 Corrient '!$A$5:$A$1012,$W$2,'PIB-Mpal 2015-2022 Corrient '!$E$5:$E$1012,$A30) -> 757.34834 | R30: =SUMIFS('PIB-Mpal 2015-2022 Corrient '!M$5:M$1012,'PIB-Mpal 2015-2022 Corrient '!$A$5:$A$1012,$W$2,'PIB-Mpal 2015-2022 Corrient '!$E$5:$E$1012,$A30) -> 22.393701 | S30: =SUMIFS('PIB-Mpal 2015-2022 Corrient '!V$5:V$1012,'PIB-Mpal 2015-2022 Corrient '!$A$5:$A$1012,$W$2,'PIB-Mpal 2015-2022 Corrient '!$E$5:$E$1012,$A30) -> 156.03036 | T30: =SUMIFS('PIB-Mpal 2015-2022 Corrient '!W$5:W$1012,'PIB-Mpal 2015-2022 Corrient '!$A$5:$A$1012,$W$2,'PIB-Mpal 2015-2022 Corrient '!$E$5:$E$1012,$A30) -> 935.7724 | U30: =SUMIFS('PIB-Mpal 2015-2022 Corrient '!X$5:X$1012,'PIB-Mpal 2015-2022 Corrient '!$A$5:$A$1012,$W$2,'PIB-Mpal 2015-2022 Corrient '!$E$5:$E$1012,$A30) -> 94.568334 | V30: =SUMIFS('PIB-Mpal 2015-2022 Corrient '!Y$5:Y$1012,'PIB-Mpal 2015-2022 Corrient '!$A$5:$A$1012,$W$2,'PIB-Mpal 2015-2022 Corrient '!$E$5:$E$1012,$A30) -> 1030.3407 | W30: =V30/$V$5 -> 0.0067097189 | X30: =INDEX(POBLACION!$C$4:$W$128,MATCH(A30,POBLACION!$A$4:$A$128,0),MATCH($W$2,POBLACION!$C$3:$W$3,0)) -> 19624 | Y30: =(T30/X30)*1000000 -> 47685.1 | Z30: =(V30/X30)*1000000 -> 52504.114 | AA30: =LOG(Y30) -> 4.6783827 | AB30: =LOG(Z30) -> 4.7201933
A31: SR04 | B31: Total Nordeste | E31: =SUM(E32:E41) -> 312.26394 | F31: =SUM(F32:F41) -> 1086.3313 | G31: =SUM(G32:G41) -> 84.895789 | H31: =SUM(H32:H41) -> 139.52069 | I31: =SUM(I32:I41) -> 658.34223 | J31: =SUM(J32:J41) -> 365.20713 | K31: =SUM(K32:K41) -> 66.057804 | L31: =SUM(L32:L41) -> 36.378425 | ... V31: =SUM(V32:V41) -> 4044.6815 | W31: =V31/$V$5 -> 0.026339515 | X31: =SUM(X32:X41) -> 199335 | Y31: =(T31/X31)*1000000 -> 18428.506 | Z31: =(V31/X31)*1000000 -> 20290.874 | AA31: =LOG(Y31) -> 4.2654901 | AB31: =LOG(Z31) -> 4.3073008
A32: 05031 | B32: Nordeste | C32: A la fecha no ha conformado un Esquema Asociativo Territorial | D32: Amalfi | E32: =SUMIFS('PIB-Mpal 2015-2022 Corrient '!H$5:H$1012,'PIB-Mpal 2015-2022 Corrient '!$A$5:$A$1012,$W$2,'PIB-Mpal 2015-2022 Corrient '!$E$5:$E$1012,$A32) -> 40.737509 | F32: =SUMIFS('PIB-Mpal 2015-2022 Corrient '!I$5:I$1012,'PIB-Mpal 2015-2022 Corrient '!$A$5:$A$1012,$W$2,'PIB-Mpal 2015-2022 Corrient '!$E$5:$E$1012,$A32) -> 17.768133 | G32: =SUMIFS('PIB-Mpal 2015-2022 Corrient '!K$5:K$1012,'PIB-Mpal 2015-2022 Corrient '!$A$5:$A$1012,$W$2,'PIB-Mpal 2015-2022 Corrient '!$E$5:$E$1012,$A32) -> 12.291131 | H32: =SUMIFS('PIB-Mpal 2015-2022 Corrient '!L$5:L$1012,'PIB-Mpal 2015-2022 Corrient '!$A$5:$A$1012,$W$2,'PIB-Mpal 2015-2022 Corrient '!$E$5:$E$1012,$A32) -> 51.459797 | I32: =SUMIFS('PIB-Mpal 2015-2022 Corrient '!N$5:N$1012,'PIB-Mpal 2015-2022 Corrient '!$A$5:$A$1012,$W$2,'PIB-Mpal 2015-2022 Corrient '!$E$5:$E$1012,$A32) -> 447.43021 | J32: =SUMIFS('PIB-Mpal 2015-2022 Corrient '!O$5:O$1012,'PIB-Mpal 2015-2022 Corrient '!$A$5:$A$1012,$W$2,'PIB-Mpal 2015-2022 Corrient '!$E$5:$E$1012,$A32) -> 50.12233 | K32: =SUMIFS('PIB-Mpal 2015-2022 Corrient '!P$5:P$1012,'PIB-Mpal 2015-2022 Corrient '!$A$5:$A$1012,$W$2,'PIB-Mpal 2015-2022 Corrient '!$E$5:$E$1012,$A32) -> 8.9115511 | L32: =SUMIFS('PIB-Mpal 2015-2022 Corrient '!Q$5:Q$1012,'PIB-Mpal 2015-2022 Corrient '!$A$5:$A$1012,$W$2,'PIB-Mpal 2015-2022 Corrient '!$E$5:$E$1012,$A32) -> 4.8283124 | M32: =SUMIFS('PIB-Mpal 2015-2022 Corrient '!R$5:R$1012,'PIB-Mpal 2015-2022 Corrient '!$A$5:$A$1012,$W$2,'PIB-Mpal 2015-2022 Corrient '!$E$5:$E$1012,$A32) -> 21.933921 | N32: =SUMIFS('PIB-Mpal 2015-2022 Corrient '!S$5:S$1012,'PIB-Mpal 2015-2022 Corrient '!$A$5:$A$1012,$W$2,'PIB-Mpal 2015-2022 Corrient '!$E$5:$E$1012,$A32) -> 58.85534 | O32: =SUMIFS('PIB-Mpal 2015-2022 Corrient '!T$5:T$1012,'PIB-Mpal 2015-2022 Corrient '!$A$5:$A$1012,$W$2,'PIB-Mpal 2015-2022 Corrient '!$E$5:$E$1012,$A32) -> 70.88925 | P32: =SUMIFS('PIB-Mpal 2015-2022 Corrient '!U$5:U$1012,'PIB-Mpal 2015-2022 Corrient '!$A$5:$A$1012,$W$2,'PIB-Mpal 2015-2022 Corrient '!$E$5:$E$1012,$A32) -> 11.794817 | Q32: =SUMIFS('PIB-Mpal 2015-2022 Corrient '!J$5:J$1012,'PIB-Mpal 2015-2022 Corrient '!$A$5:$A$1012,$W$2,'PIB-Mpal 2015-2022 Corrient '!$E$5:$E$1012,$A32) -> 58.505642 | R32: =SUMIFS('PIB-Mpal 2015-2022 Corrient '!M$5:M$1012,'PIB-Mpal 2015-2022 Corrient '!$A$5:$A$1012,$W$2,'PIB-Mpal 2015-2022 Corrient '!$E$5:$E$1012,$A32) -> 63.750928 | S32: =SUMIFS('PIB-Mpal 2015-2022 Corrient '!V$5:V$1012,'PIB-Mpal 2015-2022 Corrient '!$A$5:$A$1012,$W$2,'PIB-Mpal 2015-2022 Corrient '!$E$5:$E$1012,$A32) -> 674.76573 | T32: =SUMIFS('PIB-Mpal 2015-2022 Corrient '!W$5:W$1012,'PIB-Mpal 2015-2022 Corrient '!$A$5:$A$1012,$W$2,'PIB-Mpal 2015-2022 Corrient '!$E$5:$E$1012,$A32) -> 797.0223 | U32: =SUMIFS('PIB-Mpal 2015-2022 Corrient '!X$5:X$1012,'PIB-Mpal 2015-2022 Corrient '!$A$5:$A$1012,$W$2,'PIB-Mpal 2015-2022 Corrient '!$E$5:$E$1012,$A32) -> 80.546371 | V32: =SUMIFS('PIB-Mpal 2015-2022 Corrient '!Y$5:Y$1012,'PIB-Mpal 2015-2022 Corrient '!$A$5:$A$1012,$W$2,'PIB-Mpal 2015-2022 Corrient '!$E$5:$E$1012,$A32) -> 877.56867 | W32: =V32/$V$5 -> 0.0057148464 | X32: =INDEX(POBLACION!$C$4:$W$128,MATCH(A32,POBLACION!$A$4:$A$128,0),MATCH($W$2,POBLACION!$C$3:$W$3,0)) -> 26552 | Y32: =(T32/X32)*1000000 -> 30017.411 | Z32: =(V32/X32)*1000000 -> 33050.944 | AA32: =LOG(Y32) -> 4.4773732 | AB32: =LOG(Z32) -> 4.5191839
A33: 05040 | B33: Nordeste | C33: A la fecha no ha conformado un Esquema Asociativo Territorial | D33: Anorí | E33: =SUMIFS('PIB-Mpal 2015-2022 Corrient '!H$5:H$1012,'PIB-Mpal 2015-2022 Corrient '!$A$5:$A$1012,$W$2,'PIB-Mpal 2015-2022 Corrient '!$E$5:$E$1012,$A33) -> 14.04804 | F33: =SUMIFS('PIB-Mpal 2015-2022 Corrient '!I$5:I$1012,'PIB-Mpal 2015-2022 Corrient '!$A$5:$A$1012,$W$2,'PIB-Mpal 2015-2022 Corrient '!$E$5:$E$1012,$A33) -> 1.1596124 | G33: =SUMIFS('PIB-Mpal 2015-2022 Corrient '!K$5:K$1012,'PIB-Mpal 2015-2022 Corrient '!$A$5:$A$1012,$W$2,'PIB-Mpal 2015-2022 Corrient '!$E$5:$E$1012,$A33) -> 1.1971046 | H33: =SUMIFS('PIB-Mpal 2015-2022 Corrient '!L$5:L$1012,'PIB-Mpal 2015-2022 Corrient '!$A$5:$A$1012,$W$2,'PIB-Mpal 2015-2022 Corrient '!$E$5:$E$1012,$A33) -> 11.958545 | I33: =SUMIFS('PIB-Mpal 2015-2022 Corrient '!N$5:N$1012,'PIB-Mpal 2015-2022 Corrient '!$A$5:$A$1012,$W$2,'PIB-Mpal 2015-2022 Corrient '!$E$5:$E$1012,$A33) -> 86.243175 | J33: =SUMIFS('PIB-Mpal 2015-2022 Corrient '!O$5:O$1012,'PIB-Mpal 2015-2022 Corrient '!$A$5:$A$1012,$W$2,'PIB-Mpal 2015-2022 Corrient '!$E$5:$E$1012,$A33) -> 11.312111 | K33: =SUMIFS('PIB-Mpal 2015-2022 Corrient '!P$5:P$1012,'PIB-Mpal 2015-2022 Corrient '!$A$5:$A$1012,$W$2,'PIB-Mpal 2015-2022 Corrient '!$E$5:$E$1012,$A33) -> 2.1324824 | L33: =SUMIFS('PIB-Mpal 2015-2022 Corrient '!Q$5:Q$1012,'PIB-Mpal 2015-2022 Corrient '!$A$5:$A$1012,$W$2,'PIB-Mpal 2015-2022 Corrient '!$E$5:$E$1012,$A33) -> 1.0334291 | M33: =SUMIFS('PIB-Mpal 2015-2022 Corrient '!R$5:R$1012,'PIB-Mpal 2015-2022 Corrient '!$A$5:$A$1012,$W$2,'PIB-Mpal 2015-2022 Corrient '!$E$5:$E$1012,$A33) -> 4.062125 | N33: =SUMIFS('PIB-Mpal 2015-2022 Corrient '!S$5:S$1012,'PIB-Mpal 2015-2022 Corrient '!$A$5:$A$1012,$W$2,'PIB-Mpal 2015-2022 Corrient '!$E$5:$E$1012,$A33) -> 11.683116 | O33: =SUMIFS('PIB-Mpal 2015-2022 Corrient '!T$5:T$1012,'PIB-Mpal 2015-2022 Corrient '!$A$5:$A$1012,$W$2,'PIB-Mpal 2015-2022 Corrient '!$E$5:$E$1012,$A33) -> 16.249775 | P33: =SUMIFS('PIB-Mpal 2015-2022 Corrient '!U$5:U$1012,'PIB-Mpal 2015-2022 Corrient '!$A$5:$A$1012,$W$2,'PIB-Mpal 2015-2022 Corrient '!$E$5:$E$1012,$A33) -> 2.5553904 | Q33: =SUMIFS('PIB-Mpal 2015-2022 Corrient '!J$5:J$1012,'PIB-Mpal 2015-2022 Corrient '!$A$5:$A$1012,$W$2,'PIB-Mpal 2015-2022 Corrient '!$E$5:$E$1012,$A33) -> 15.207652 | R33: =SUMIFS('PIB-Mpal 2015-2022 Corrient '!M$5:M$1012,'PIB-Mpal 2015-2022 Corrient '!$A$5:$A$1012,$W$2,'PIB-Mpal 2015-2022 Corrient '!$E$5:$E$1012,$A33) -> 13.155649 | S33: =SUMIFS('PIB-Mpal 2015-2022 Corrient '!V$5:V$1012,'PIB-Mpal 2015-2022 Corrient '!$A$5:$A$1012,$W$2,'PIB-Mpal 2015-2022 Corrient '!$E$5:$E$1012,$A33) -> 135.2716 | T33: =SUMIFS('PIB-Mpal 2015-2022 Corrient '!W$5:W$1012,'PIB-Mpal 2015-2022 Corrient '!$A$5:$A$1012,$W$2,'PIB-Mpal 2015-2022 Corrient '!$E$5:$E$1012,$A33) -> 163.63491 | U33: =SUMIFS('PIB-Mpal 2015-2022 Corrient '!X$5:X$1012,'PIB-Mpal 2015-2022 Corrient '!$A$5:$A$1012,$W$2,'PIB-Mpal 2015-2022 Corrient '!$E$5:$E$1012,$A33) -> 16.536799 | V33: =SUMIFS('PIB-Mpal 2015-2022 Corrient '!Y$5:Y$1012,'PIB-Mpal 2015-2022 Corrient '!$A$5:$A$1012,$W$2,'PIB-Mpal 2015-2022 Corrient '!$E$5:$E$1012,$A33) -> 180.17171 | W33: =V33/$V$5 -> 0.0011733026 | X33: =INDEX(POBLACION!$C$4:$W$128,MATCH(A33,POBLACION!$A$4:$A$128,0),MATCH($W$2,POBLACION!$C$3:$W$3,0)) -> 18737 | Y33: =(T33/X33)*1000000 -> 8733.25 | Z33: =(V33/X33)*1000000 -> 9615.8246 | AA33: =LOG(Y33) -> 3.9411759 | AB33: =LOG(Z33) -> 3.9829865
A34: 05190 | B34: Nordeste | C34: A la fecha no ha conformado un Esquema Asociativo Territorial | D34: Cisneros | E34: =SUMIFS('PIB-Mpal 2015-2022 Corrient '!H$5:H$1012,'PIB-Mpal 2015-2022 Corrient '!$A$5:$A$1012,$W$2,'PIB-Mpal 2015-2022 Corrient '!$E$5:$E$1012,$A34) -> 4.5541773 | F34: =SUMIFS('PIB-Mpal 2015-2022 Corrient '!I$5:I$1012,'PIB-Mpal 2015-2022 Corrient '!$A$5:$A$1012,$W$2,'PIB-Mpal 2015-2022 Corrient '!$E$5:$E$1012,$A34) -> 0.057653708 | G34: =SUMIFS('PIB-Mpal 2015-2022 Corrient '!K$5:K$1012,'PIB-Mpal 2015-2022 Corrient '!$A$5:$A$1012,$W$2,'PIB-Mpal 2015-2022 Corrient '!$E$5:$E$1012,$A34) -> 7.5603212 | H34: =SUMIFS('PIB-Mpal 2015-2022 Corrient '!L$5:L$1012,'PIB-Mpal 2015-2022 Corrient '!$A$5:$A$1012,$W$2,'PIB-Mpal 2015-2022 Corrient '!$E$5:$E$1012,$A34) -> 4.0020623 | I34: =SUMIFS('PIB-Mpal 2015-2022 Corrient '!N$5:N$1012,'PIB-Mpal 2015-2022 Corrient '!$A$5:$A$1012,$W$2,'PIB-Mpal 2015-2022 Corrient '!$E$5:$E$1012,$A34) -> 11.832432 | J34: =SUMIFS('PIB-Mpal 2015-2022 Corrient '!O$5:O$1012,'PIB-Mpal 2015-2022 Corrient '!$A$5:$A$1012,$W$2,'PIB-Mpal 2015-2022 Corrient '!$E$5:$E$1012,$A34) -> 28.717497 | K34: =SUMIFS('PIB-Mpal 2015-2022 Corrient '!P$5:P$1012,'PIB-Mpal 2015-2022 Corrient '!$A$5:$A$1012,$W$2,'PIB-Mpal 2015-2022 Corrient '!$E$5:$E$1012,$A34) -> 4.9520586 | L34: =SUMIFS('PIB-Mpal 2015-2022 Corrient '!Q$5:Q$1012,'PIB-Mpal 2015-2022 Corrient '!$A$5:$A$1012,$W$2,'PIB-Mpal 2015-2022 Corrient '!$E$5:$E$1012,$A34) -> 3.5075283 | M34: =SUMIFS('PIB-Mpal 2015-2022 Corrient '!R$5:R$1012,'PIB-Mpal 2015-2022 Corrient '!$A$5:$A$1012,$W$2,'PIB-Mpal 2015-2022 Corrient '!$E$5:$E$1012,$A34) -> 12.706045 | N34: =SUMIFS('PIB-Mpal 2015-2022 Corrient '!S$5:S$1012,'PIB-Mpal 2015-2022 Corrient '!$A$5:$A$1012,$W$2,'PIB-Mpal 2015-2022 Corrient '!$E$5:$E$1012,$A34) -> 13.971917 | O34: =SUMIFS('PIB-Mpal 2015-2022 Corrient '!T$5:T$1012,'PIB-Mpal 2015-2022 Corrient '!$A$5:$A$1012,$W$2,'PIB-Mpal 2015-2022 Corrient '!$E$5:$E$1012,$A34) -> 23.098843 | P34: =SUMIFS('PIB-Mpal 2015-2022 Corrient '!U$5:U$1012,'PIB-Mpal 2015-2022 Corrient '!$A$5:$A$1012,$W$2,'PIB-Mpal 2015-2022 Corrient '!$E$5:$E$1012,$A34) -> 5.4993555 | Q34: =SUMIFS('PIB-Mpal 2015-2022 Corrient '!J$5:J$1012,'PIB-Mpal 2015-2022 Corrient '!$A$5:$A$1012,$W$2,'PIB-Mpal 2015-2022 Corrient '!$E$5:$E$1012,$A34) -> 4.6118311 | R34: =SUMIFS('PIB-Mpal 2015-2022 Corrient '!M$5:M$1012,'PIB-Mpal 2015-2022 Corrient '!$A$5:$A$1012,$W$2,'PIB-Mpal 2015-2022 Corrient '!$E$5:$E$1012,$A34) -> 11.562383 | S34: =SUMIFS('PIB-Mpal 2015-2022 Corrient '!V$5:V$1012,'PIB-Mpal 2015-2022 Corrient '!$A$5:$A$1012,$W$2,'PIB-Mpal 2015-2022 Corrient '!$E$5:$E$1012,$A34) -> 104.28568 | T34: =SUMIFS('PIB-Mpal 2015-2022 Corrient '!W$5:W$1012,'PIB-Mpal 2015-2022 Corrient '!$A$5:$A$1012,$W$2,'PIB-Mpal 2015-2022 Corrient '!$E$5:$E$1012,$A34) -> 120.45989 | U34: =SUMIFS('PIB-Mpal 2015-2022 Corrient '!X$5:X$1012,'PIB-Mpal 2015-2022 Corrient '!$A$5:$A$1012,$W$2,'PIB-Mpal 2015-2022 Corrient '!$E$5:$E$1012,$A34) -> 12.17357 | V34: =SUMIFS('PIB-Mpal 2015-2022 Corrient '!Y$5:Y$1012,'PIB-Mpal 2015-2022 Corrient '!$A$5:$A$1012,$W$2,'PIB-Mpal 2015-2022 Corrient '!$E$5:$E$1012,$A34) -> 132.63346 | W34: =V34/$V$5 -> 0.00086372712 | X34: =INDEX(POBLACION!$C$4:$W$128,MATCH(A34,POBLACION!$A$4:$A$128,0),MATCH($W$2,POBLACION!$C$3:$W$3,0)) -> 9844 | Y34: =(T34/X34)*1000000 -> 12236.884 | Z34: =(V34/X34)*1000000 -> 13473.533 | AA34: =LOG(Y34) -> 4.0876709 | AB34: =LOG(Z34) -> 4.1294815
A35: 05604 | B35: Nordeste | C35: Provincia Minero Agroecológica | D35: Remedios | E35: =SUMIFS('PIB-Mpal 2015-2022 Corrient '!H$5:H$1012,'PIB-Mpal 2015-2022 Corrient '!$A$5:$A$1012,$W$2,'PIB-Mpal 2015-2022 Corrient '!$E$5:$E$1012,$A35) -> 62.081574 | F35: =SUMIFS('PIB-Mpal 2015-2022 Corrient '!I$5:I$1012,'PIB-Mpal 2015-2022 Corrient '!$A$5:$A$1012,$W$2,'PIB-Mpal 2015-2022 Corrient '!$E$5:$E$1012,$A35) -> 477.12865 | G35: =SUMIFS('PIB-Mpal 2015-2022 Corrient '!K$5:K$1012,'PIB-Mpal 2015-2022 Corrient '!$A$5:$A$1012,$W$2,'PIB-Mpal 2015-2022 Corrient '!$E$5:$E$1012,$A35) -> 16.262423 | H35: =SUMIFS('PIB-Mpal 2015-2022 Corrient '!L$5:L$1012,'PIB-Mpal 2015-2022 Corrient '!$A$5:$A$1012,$W$2,'PIB-Mpal 2015-2022 Corrient '!$E$5:$E$1012,$A35) -> 7.3376166 | I35: =SUMIFS('PIB-Mpal 2015-2022 Corrient '!N$5:N$1012,'PIB-Mpal 2015-2022 Corrient '!$A$5:$A$1012,$W$2,'PIB-Mpal 2015-2022 Corrient '!$E$5:$E$1012,$A35) -> 15.389799 | J35: =SUMIFS('PIB-Mpal 2015-2022 Corrient '!O$5:O$1012,'PIB-Mpal 2015-2022 Corrient '!$A$5:$A$1012,$W$2,'PIB-Mpal 2015-2022 Corrient '!$E$5:$E$1012,$A35) -> 58.778694 | K35: =SUMIFS('PIB-Mpal 2015-2022 Corrient '!P$5:P$1012,'PIB-Mpal 2015-2022 Corrient '!$A$5:$A$1012,$W$2,'PIB-Mpal 2015-2022 Corrient '!$E$5:$E$1012,$A35) -> 8.0025527 | L35: =SUMIFS('PIB-Mpal 2015-2022 Corrient '!Q$5:Q$1012,'PIB-Mpal 2015-2022 Corrient '!$A$5:$A$1012,$W$2,'PIB-Mpal 2015-2022 Corrient '!$E$5:$E$1012,$A35) -> 4.2599306 | M35: =SUMIFS('PIB-Mpal 2015-2022 Corrient '!R$5:R$1012,'PIB-Mpal 2015-2022 Corrient '!$A$5:$A$1012,$W$2,'PIB-Mpal 2015-2022 Corrient '!$E$5:$E$1012,$A35) -> 20.676985 | N35: =SUMIFS('PIB-Mpal 2015-2022 Corrient '!S$5:S$1012,'PIB-Mpal 2015-2022 Corrient '!$A$5:$A$1012,$W$2,'PIB-Mpal 2015-2022 Corrient '!$E$5:$E$1012,$A35) -> 55.343322 | O35: =SUMIFS('PIB-Mpal 2015-2022 Corrient '!T$5:T$1012,'PIB-Mpal 2015-2022 Corrient '!$A$5:$A$1012,$W$2,'PIB-Mpal 2015-2022 Corrient '!$E$5:$E$1012,$A35) -> 45.232423 | P35: =SUMIFS('PIB-Mpal 2015-2022 Corrient '!U$5:U$1012,'PIB-Mpal 2015-2022 Corrient '!$A$5:$A$1012,$W$2,'PIB-Mpal 2015-2022 Corrient '!$E$5:$E$1012,$A35) -> 12.418524 | Q35: =SUMIFS('PIB-Mpal 2015-2022 Corrient '!J$5:J$1012,'PIB-Mpal 2015-2022 Corrient '!$A$5:$A$1012,$W$2,'PIB-Mpal 2015-2022 Corrient '!$E$5:$E$1012,$A35) -> 539.21023 | R35: =SUMIFS('PIB-Mpal 2015-2022 Corrient '!M$5:M$1012,'PIB-Mpal 2015-2022 Corrient '!$A$5:$A$1012,$W$2,'PIB-Mpal 2015-2022 Corrient '!$E$5:$E$1012,$A35) -> 23.600039 | S35: =SUMIFS('PIB-Mpal 2015-2022 Corrient '!V$5:V$1012,'PIB-Mpal 2015-2022 Corrient '!$A$5:$A$1012,$W$2,'PIB-Mpal 2015-2022 Corrient '!$E$5:$E$1012,$A35) -> 220.10223 | T35: =SUMIFS('PIB-Mpal 2015-2022 Corrient '!W$5:W$1012,'PIB-Mpal 2015-2022 Corrient '!$A$5:$A$1012,$W$2,'PIB-Mpal 2015-2022 Corrient '!$E$5:$E$1012,$A35) -> 782.9125 | U35: =SUMIFS('PIB-Mpal 2015-2022 Corrient '!X$5:X$1012,'PIB-Mpal 2015-2022 Corrient '!$A$5:$A$1012,$W$2,'PIB-Mpal 2015-2022 Corrient '!$E$5:$E$1012,$A35) -> 79.120447 | V35: =SUMIFS('PIB-Mpal 2015-2022 Corrient '!Y$5:Y$1012,'PIB-Mpal 2015-2022 Corrient '!$A$5:$A$1012,$W$2,'PIB-Mpal 2015-2022 Corrient '!$E$5:$E$1012,$A35) -> 862.03294 | W35: =V35/$V$5 -> 0.0056136757 | X35: =INDEX(POBLACION!$C$4:$W$128,MATCH(A35,POBLACION!$A$4:$A$128,0),MATCH($W$2,POBLACION!$C$3:$W$3,0)) -> 29061 | Y35: =(T35/X35)*1000000 -> 26940.315 | Z35: =(V35/X35)*1000000 -> 29662.88 | AA35: =LOG(Y35) -> 4.4304027 | AB35: =LOG(Z35) -> 4.4722133
A36: 05670 | B36: Nordeste | C36: A la fecha no ha conformado un Esquema Asociativo Territorial | D36: San Roque | E36: =SUMIFS('PIB-Mpal 2015-2022 Corrient '!H$5:H$1012,'PIB-Mpal 2015-2022 Corrient '!$A$5:$A$1012,$W$2,'PIB-Mpal 2015-2022 Corrient '!$E$5:$E$1012,$A36) -> 29.075024 | F36: =SUMIFS('PIB-Mpal 2015-2022 Corrient '!I$5:I$1012,'PIB-Mpal 2015-2022 Corrient '!$A$5:$A$1012,$W$2,'PIB-Mpal 2015-2022 Corrient '!$E$5:$E$1012,$A36) -> 0.60272082 | G36: =SUMIFS('PIB-Mpal 2015-2022 Corrient '!K$5:K$1012,'PIB-Mpal 2015-2022 Corrient '!$A$5:$A$1012,$W$2,'PIB-Mpal 2015-2022 Corrient '!$E$5:$E$1012,$A36) -> 3.8833218 | H36: =SUMIFS('PIB-Mpal 2015-2022 Corrient '!L$5:L$1012,'PIB-Mpal 2015-2022 Corrient '!$A$5:$A$1012,$W$2,'PIB-Mpal 2015-2022 Corrient '!$E$5:$E$1012,$A36) -> 16.740569 | I36: =SUMIFS('PIB-Mpal 2015-2022 Corrient '!N$5:N$1012,'PIB-Mpal 2015-2022 Corrient '!$A$5:$A$1012,$W$2,'PIB-Mpal 2015-2022 Corrient '!$E$5:$E$1012,$A36) -> 22.892697 | J36: =SUMIFS('PIB-Mpal 2015-2022 Corrient '!O$5:O$1012,'PIB-Mpal 2015-2022 Corrient '!$A$5:$A$1012,$W$2,'PIB-Mpal 2015-2022 Corrient '!$E$5:$E$1012,$A36) -> 34.349502 | K36: =SUMIFS('PIB-Mpal 2015-2022 Corrient '!P$5:P$1012,'PIB-Mpal 2015-2022 Corrient '!$A$5:$A$1012,$W$2,'PIB-Mpal 2015-2022 Corrient '!$E$5:$E$1012,$A36) -> 7.3067791 | L36: =SUMIFS('PIB-Mpal 2015-2022 Corrient '!Q$5:Q$1012,'PIB-Mpal 2015-2022 Corrient '!$A$5:$A$1012,$W$2,'PIB-Mpal 2015-2022 Corrient '!$E$5:$E$1012,$A36) -> 3.4477123 | M36: =SUMIFS('PIB-Mpal 2015-2022 Corrient '!R$5:R$1012,'PIB-Mpal 2015-2022 Corrient '!$A$5:$A$1012,$W$2,'PIB-Mpal 2015-2022 Corrient '!$E$5:$E$1012,$A36) -> 13.160375 | N36: =SUMIFS('PIB-Mpal 2015-2022 Corrient '!S$5:S$1012,'PIB-Mpal 2015-2022 Corrient '!$A$5:$A$1012,$W$2,'PIB-Mpal 2015-2022 Corrient '!$E$5:$E$1012,$A36) -> 21.052438 | O36: =SUMIFS('PIB-Mpal 2015-2022 Corrient '!T$5:T$1012,'PIB-Mpal 2015-2022 Corrient '!$A$5:$A$1012,$W$2,'PIB-Mpal 2015-2022 Corrient '!$E$5:$E$1012,$A36) -> 41.160909 | P36: =SUMIFS('PIB-Mpal 2015-2022 Corrient '!U$5:U$1012,'PIB-Mpal 2015-2022 Corrient '!$A$5:$A$1012,$W$2,'PIB-Mpal 2015-2022 Corrient '!$E$5:$E$1012,$A36) -> 7.1697811 | Q36: =SUMIFS('PIB-Mpal 2015-2022 Corrient '!J$5:J$1012,'PIB-Mpal 2015-2022 Corrient '!$A$5:$A$1012,$W$2,'PIB-Mpal 2015-2022 Corrient '!$E$5:$E$1012,$A36) -> 29.677745 | R36: =SUMIFS('PIB-Mpal 2015-2022 Corrient '!M$5:M$1012,'PIB-Mpal 2015-2022 Corrient '!$A$5:$A$1012,$W$2,'PIB-Mpal 2015-2022 Corrient '!$E$5:$E$1012,$A36) -> 20.623891 | S36: =SUMIFS('PIB-Mpal 2015-2022 Corrient '!V$5:V$1012,'PIB-Mpal 2015-2022 Corrient '!$A$5:$A$1012,$W$2,'PIB-Mpal 2015-2022 Corrient '!$E$5:$E$1012,$A36) -> 150.54019 | T36: =SUMIFS('PIB-Mpal 2015-2022 Corrient '!W$5:W$1012,'PIB-Mpal 2015-2022 Corrient '!$A$5:$A$1012,$W$2,'PIB-Mpal 2015-2022 Corrient '!$E$5:$E$1012,$A36) -> 200.84183 | U36: =SUMIFS('PIB-Mpal 2015-2022 Corrient '!X$5:X$1012,'PIB-Mpal 2015-2022 Corrient '!$A$5:$A$1012,$W$2,'PIB-Mpal 2015-2022 Corrient '!$E$5:$E$1012,$A36) -> 20.296898 | V36: =SUMIFS('PIB-Mpal 2015-2022 Corrient '!Y$5:Y$1012,'PIB-Mpal 2015-2022 Corrient '!$A$5:$A$1012,$W$2,'PIB-Mpal 2015-2022 Corrient '!$E$5:$E$1012,$A36) -> 221.13873 | W36: =V36/$V$5 -> 0.0014400854 | X36: =INDEX(POBLACION!$C$4:$W$128,MATCH(A36,POBLACION!$A$4:$A$128,0),MATCH($W$2,POBLACION!$C$3:$W$3,0)) -> 21533 | Y36: =(T36/X36)*1000000 -> 9327.1643 | Z36: =(V36/X36)*1000000 -> 10269.759 | AA36: =LOG(Y36) -> 3.9697496 | AB36: =LOG(Z36) -> 4.0115603
A37: 05690 | B37: Nordeste | C37: A la fecha no ha conformado un Esquema Asociativo Territorial | D37: Santo Domingo | E37: =SUMIFS('PIB-Mpal 2015-2022 Corrient '!H$5:H$1012,'PIB-Mpal 2015-2022 Corrient '!$A$5:$A$1012,$W$2,'PIB-Mpal 2015-2022 Corrient '!$E$5:$E$1012,$A37) -> 58.328911 | F37: =SUMIFS('PIB-Mpal 2015-2022 Corrient '!I$5:I$1012,'PIB-Mpal 2015-2022 Corrient '!$A$5:$A$1012,$W$2,'PIB-Mpal 2015-2022 Corrient '!$E$5:$E$1012,$A37) -> 19.332826 | G37: =SUMIFS('PIB-Mpal 2015-2022 Corrient '!K$5:K$1012,'PIB-Mpal 2015-2022 Corrient '!$A$5:$A$1012,$W$2,'PIB-Mpal 2015-2022 Corrient '!$E$5:$E$1012,$A37) -> 8.5244291 | H37: =SUMIFS('PIB-Mpal 2015-2022 Corrient '!L$5:L$1012,'PIB-Mpal 2015-2022 Corrient '!$A$5:$A$1012,$W$2,'PIB-Mpal 2015-2022 Corrient '!$E$5:$E$1012,$A37) -> 4.9353476 | I37: =SUMIFS('PIB-Mpal 2015-2022 Corrient '!N$5:N$1012,'PIB-Mpal 2015-2022 Corrient '!$A$5:$A$1012,$W$2,'PIB-Mpal 2015-2022 Corrient '!$E$5:$E$1012,$A37) -> 30.532357 | J37: =SUMIFS('PIB-Mpal 2015-2022 Corrient '!O$5:O$1012,'PIB-Mpal 2015-2022 Corrient '!$A$5:$A$1012,$W$2,'PIB-Mpal 2015-2022 Corrient '!$E$5:$E$1012,$A37) -> 14.553229 | K37: =SUMIFS('PIB-Mpal 2015-2022 Corrient '!P$5:P$1012,'PIB-Mpal 2015-2022 Corrient '!$A$5:$A$1012,$W$2,'PIB-Mpal 2015-2022 Corrient '!$E$5:$E$1012,$A37) -> 2.3774788 | L37: =SUMIFS('PIB-Mpal 2015-2022 Corrient '!Q$5:Q$1012,'PIB-Mpal 2015-2022 Corrient '!$A$5:$A$1012,$W$2,'PIB-Mpal 2015-2022 Corrient '!$E$5:$E$1012,$A37) -> 0.97561686 | M37: =SUMIFS('PIB-Mpal 2015-2022 Corrient '!R$5:R$1012,'PIB-Mpal 2015-2022 Corrient '!$A$5:$A$1012,$W$2,'PIB-Mpal 2015-2022 Corrient '!$E$5:$E$1012,$A37) -> 6.2116552 | N37: =SUMIFS('PIB-Mpal 2015-2022 Corrient '!S$5:S$1012,'PIB-Mpal 2015-2022 Corrient '!$A$5:$A$1012,$W$2,'PIB-Mpal 2015-2022 Corrient '!$E$5:$E$1012,$A37) -> 12.207605 | O37: =SUMIFS('PIB-Mpal 2015-2022 Corrient '!T$5:T$1012,'PIB-Mpal 2015-2022 Corrient '!$A$5:$A$1012,$W$2,'PIB-Mpal 2015-2022 Corrient '!$E$5:$E$1012,$A37) -> 19.088638 | P37: =SUMIFS('PIB-Mpal 2015-2022 Corrient '!U$5:U$1012,'PIB-Mpal 2015-2022 Corrient '!$A$5:$A$1012,$W$2,'PIB-Mpal 2015-2022 Corrient '!$E$5:$E$1012,$A37) -> 3.1757764 | Q37: =SUMIFS('PIB-Mpal 2015-2022 Corrient '!J$5:J$1012,'PIB-Mpal 2015-2022 Corrient '!$A$5:$A$1012,$W$2,'PIB-Mpal 2015-2022 Corrient '!$E$5:$E$1012,$A37) -> 77.661736 | R37: =SUMIFS('PIB-Mpal 2015-2022 Corrient '!M$5:M$1012,'PIB-Mpal 2015-2022 Corrient '!$A$5:$A$1012,$W$2,'PIB-Mpal 2015-2022 Corrient '!$E$5:$E$1012,$A37) -> 13.459777 | S37: =SUMIFS('PIB-Mpal 2015-2022 Corrient '!V$5:V$1012,'PIB-Mpal 2015-2022 Corrient '!$A$5:$A$1012,$W$2,'PIB-Mpal 2015-2022 Corrient '!$E$5:$E$1012,$A37) -> 89.122357 | T37: =SUMIFS('PIB-Mpal 2015-2022 Corrient '!W$5:W$1012,'PIB-Mpal 2015-2022 Corrient '!$A$5:$A$1012,$W$2,'PIB-Mpal 2015-2022 Corrient '!$E$5:$E$1012,$A37) -> 180.24387 | U37: =SUMIFS('PIB-Mpal 2015-2022 Corrient '!X$5:X$1012,'PIB-Mpal 2015-2022 Corrient '!$A$5:$A$1012,$W$2,'PIB-Mpal 2015-2022 Corrient '!$E$5:$E$1012,$A37) -> 18.215287 | V37: =SUMIFS('PIB-Mpal 2015-2022 Corrient '!Y$5:Y$1012,'PIB-Mpal 2015-2022 Corrient '!$A$5:$A$1012,$W$2,'PIB-Mpal 2015-2022 Corrient '!$E$5:$E$1012,$A37) -> 198.45916 | W37: =V37/$V$5 -> 0.001292393 | X37: =INDEX(POBLACION!$C$4:$W$128,MATCH(A37,POBLACION!$A$4:$A$128,0),MATCH($W$2,POBLACION!$C$3:$W$3,0)) -> 12326 | Y37: =(T37/X37)*1000000 -> 14623.063 | Z37: =(V37/X37)*1000000 -> 16100.856 | AA37: =LOG(Y37) -> 4.1650383 | AB37: =LOG(Z37) -> 4.206849
A38: 05736 | B38: Nordeste | C38: Provincia Minero Agroecológica | D38: Segovia | E38: =SUMIFS('PIB-Mpal 2015-2022 Corrient '!H$5:H$1012,'PIB-Mpal 2015-2022 Corrient '!$A$5:$A$1012,$W$2,'PIB-Mpal 2015-2022 Corrient '!$E$5:$E$1012,$A38) -> 24.811086 | F38: =SUMIFS('PIB-Mpal 2015-2022 Corrient '!I$5:I$1012,'PIB-Mpal 2015-2022 Corrient '!$A$5:$A$1012,$W$2,'PIB-Mpal 2015-2022 Corrient '!$E$5:$E$1012,$A38) -> 567.25977 | G38: =SUMIFS('PIB-Mpal 2015-2022 Corrient '!K$5:K$1012,'PIB-Mpal 2015-2022 Corrient '!$A$5:$A$1012,$W$2,'PIB-Mpal 2015-2022 Corrient '!$E$5:$E$1012,$A38) -> 28.782947 | H38: =SUMIFS('PIB-Mpal 2015-2022 Corrient '!L$5:L$1012,'PIB-Mpal 2015-2022 Corrient '!$A$5:$A$1012,$W$2,'PIB-Mpal 2015-2022 Corrient '!$E$5:$E$1012,$A38) -> 6.4246537 | I38: =SUMIFS('PIB-Mpal 2015-2022 Corrient '!N$5:N$1012,'PIB-Mpal 2015-2022 Corrient '!$A$5:$A$1012,$W$2,'PIB-Mpal 2015-2022 Corrient '!$E$5:$E$1012,$A38) -> 27.679337 | J38: =SUMIFS('PIB-Mpal 2015-2022 Corrient '!O$5:O$1012,'PIB-Mpal 2015-2022 Corrient '!$A$5:$A$1012,$W$2,'PIB-Mpal 2015-2022 Corrient '!$E$5:$E$1012,$A38) -> 97.813484 | K38: =SUMIFS('PIB-Mpal 2015-2022 Corrient '!P$5:P$1012,'PIB-Mpal 2015-2022 Corrient '!$A$5:$A$1012,$W$2,'PIB-Mpal 2015-2022 Corrient '!$E$5:$E$1012,$A38) -> 17.231038 | L38: =SUMIFS('PIB-Mpal 2015-2022 Corrient '!Q$5:Q$1012,'PIB-Mpal 2015-2022 Corrient '!$A$5:$A$1012,$W$2,'PIB-Mpal 2015-2022 Corrient '!$E$5:$E$1012,$A38) -> 8.7913453 | M38: =SUMIFS('PIB-Mpal 2015-2022 Corrient '!R$5:R$1012,'PIB-Mpal 2015-2022 Corrient '!$A$5:$A$1012,$W$2,'PIB-Mpal 2015-2022 Corrient '!$E$5:$E$1012,$A38) -> 46.662299 | N38: =SUMIFS('PIB-Mpal 2015-2022 Corrient '!S$5:S$1012,'PIB-Mpal 2015-2022 Corrient '!$A$5:$A$1012,$W$2,'PIB-Mpal 2015-2022 Corrient '!$E$5:$E$1012,$A38) -> 80.774778 | O38: =SUMIFS('PIB-Mpal 2015-2022 Corrient '!T$5:T$1012,'PIB-Mpal 2015-2022 Corrient '!$A$5:$A$1012,$W$2,'PIB-Mpal 2015-2022 Corrient '!$E$5:$E$1012,$A38) -> 59.488496 | P38: =SUMIFS('PIB-Mpal 2015-2022 Corrient '!U$5:U$1012,'PIB-Mpal 2015-2022 Corrient '!$A$5:$A$1012,$W$2,'PIB-Mpal 2015-2022 Corrient '!$E$5:$E$1012,$A38) -> 19.557973 | Q38: =SUMIFS('PIB-Mpal 2015-2022 Corrient '!J$5:J$1012,'PIB-Mpal 2015-2022 Corrient '!$A$5:$A$1012,$W$2,'PIB-Mpal 2015-2022 Corrient '!$E$5:$E$1012,$A38) -> 592.07086 | R38: =SUMIFS('PIB-Mpal 2015-2022 Corrient '!M$5:M$1012,'PIB-Mpal 2015-2022 Corrient '!$A$5:$A$1012,$W$2,'PIB-Mpal 2015-2022 Corrient '!$E$5:$E$1012,$A38) -> 35.2076 | S38: =SUMIFS('PIB-Mpal 2015-2022 Corrient '!V$5:V$1012,'PIB-Mpal 2015-2022 Corrient '!$A$5:$A$1012,$W$2,'PIB-Mpal 2015-2022 Corrient '!$E$5:$E$1012,$A38) -> 357.99875 | T38: =SUMIFS('PIB-Mpal 2015-2022 Corrient '!W$5:W$1012,'PIB-Mpal 2015-2022 Corrient '!$A$5:$A$1012,$W$2,'PIB-Mpal 2015-2022 Corrient '!$E$5:$E$1012,$A38) -> 985.27721 | U38: =SUMIFS('PIB-Mpal 2015-2022 Corrient '!X$5:X$1012,'PIB-Mpal 2015-2022 Corrient '!$A$5:$A$1012,$W$2,'PIB-Mpal 2015-2022 Corrient '!$E$5:$E$1012,$A38) -> 99.571247 | V38: =SUMIFS('PIB-Mpal 2015-2022 Corrient '!Y$5:Y$1012,'PIB-Mpal 2015-2022 Corrient '!$A$5:$A$1012,$W$2,'PIB-Mpal 2015-2022 Corrient '!$E$5:$E$1012,$A38) -> 1084.8485 | W38: =V38/$V$5 -> 0.0070646806 | X38: =INDEX(POBLACION!$C$4:$W$128,MATCH(A38,POBLACION!$A$4:$A$128,0),MATCH($W$2,POBLACION!$C$3:$W$3,0)) -> 38692 | Y38: =(T38/X38)*1000000 -> 25464.623 | Z38: =(V38/X38)*1000000 -> 28038.056 | AA38: =LOG(Y38) -> 4.4059373 | AB38: =LOG(Z38) -> 4.4477479
A39: 05858 | B39: Nordeste | C39: Provincia Minero Agroecológica | D39: Vegachí | E39: =SUMIFS('PIB-Mpal 2015-2022 Corrient '!H$5:H$1012,'PIB-Mpal 2015-2022 Corrient '!$A$5:$A$1012,$W$2,'PIB-Mpal 2015-2022 Corrient '!$E$5:$E$1012,$A39) -> 16.233907 | F39: =SUMIFS('PIB-Mpal 2015-2022 Corrient '!I$5:I$1012,'PIB-Mpal 2015-2022 Corrient '!$A$5:$A$1012,$W$2,'PIB-Mpal 2015-2022 Corrient '!$E$5:$E$1012,$A39) -> 1.2010347 | G39: =SUMIFS('PIB-Mpal 2015-2022 Corrient '!K$5:K$1012,'PIB-Mpal 2015-2022 Corrient '!$A$5:$A$1012,$W$2,'PIB-Mpal 2015-2022 Corrient '!$E$5:$E$1012,$A39) -> 0.51149278 | H39: =SUMIFS('PIB-Mpal 2015-2022 Corrient '!L$5:L$1012,'PIB-Mpal 2015-2022 Corrient '!$A$5:$A$1012,$W$2,'PIB-Mpal 2015-2022 Corrient '!$E$5:$E$1012,$A39) -> 11.9423 | I39: =SUMIFS('PIB-Mpal 2015-2022 Corrient '!N$5:N$1012,'PIB-Mpal 2015-2022 Corrient '!$A$5:$A$1012,$W$2,'PIB-Mpal 2015-2022 Corrient '!$E$5:$E$1012,$A39) -> 5.5312416 | J39: =SUMIFS('PIB-Mpal 2015-2022 Corrient '!O$5:O$1012,'PIB-Mpal 2015-2022 Corrient '!$A$5:$A$1012,$W$2,'PIB-Mpal 2015-2022 Corrient '!$E$5:$E$1012,$A39) -> 26.110803 | K39: =SUMIFS('PIB-Mpal 2015-2022 Corrient '!P$5:P$1012,'PIB-Mpal 2015-2022 Corrient '!$A$5:$A$1012,$W$2,'PIB-Mpal 2015-2022 Corrient '!$E$5:$E$1012,$A39) -> 5.5146435 | L39: =SUMIFS('PIB-Mpal 2015-2022 Corrient '!Q$5:Q$1012,'PIB-Mpal 2015-2022 Corrient '!$A$5:$A$1012,$W$2,'PIB-Mpal 2015-2022 Corrient '!$E$5:$E$1012,$A39) -> 4.3737472 | M39: =SUMIFS('PIB-Mpal 2015-2022 Corrient '!R$5:R$1012,'PIB-Mpal 2015-2022 Corrient '!$A$5:$A$1012,$W$2,'PIB-Mpal 2015-2022 Corrient '!$E$5:$E$1012,$A39) -> 9.8981155 | N39: =SUMIFS('PIB-Mpal 2015-2022 Corrient '!S$5:S$1012,'PIB-Mpal 2015-2022 Corrient '!$A$5:$A$1012,$W$2,'PIB-Mpal 2015-2022 Corrient '!$E$5:$E$1012,$A39) -> 13.599322 | O39: =SUMIFS('PIB-Mpal 2015-2022 Corrient '!T$5:T$1012,'PIB-Mpal 2015-2022 Corrient '!$A$5:$A$1012,$W$2,'PIB-Mpal 2015-2022 Corrient '!$E$5:$E$1012,$A39) -> 28.389166 | P39: =SUMIFS('PIB-Mpal 2015-2022 Corrient '!U$5:U$1012,'PIB-Mpal 2015-2022 Corrient '!$A$5:$A$1012,$W$2,'PIB-Mpal 2015-2022 Corrient '!$E$5:$E$1012,$A39) -> 7.6695544 | Q39: =SUMIFS('PIB-Mpal 2015-2022 Corrient '!J$5:J$1012,'PIB-Mpal 2015-2022 Corrient '!$A$5:$A$1012,$W$2,'PIB-Mpal 2015-2022 Corrient '!$E$5:$E$1012,$A39) -> 17.434942 | R39: =SUMIFS('PIB-Mpal 2015-2022 Corrient '!M$5:M$1012,'PIB-Mpal 2015-2022 Corrient '!$A$5:$A$1012,$W$2,'PIB-Mpal 2015-2022 Corrient '!$E$5:$E$1012,$A39) -> 12.453793 | S39: =SUMIFS('PIB-Mpal 2015-2022 Corrient '!V$5:V$1012,'PIB-Mpal 2015-2022 Corrient '!$A$5:$A$1012,$W$2,'PIB-Mpal 2015-2022 Corrient '!$E$5:$E$1012,$A39) -> 101.08659 | T39: =SUMIFS('PIB-Mpal 2015-2022 Corrient '!W$5:W$1012,'PIB-Mpal 2015-2022 Corrient '!$A$5:$A$1012,$W$2,'PIB-Mpal 2015-2022 Corrient '!$E$5:$E$1012,$A39) -> 130.97533 | U39: =SUMIFS('PIB-Mpal 2015-2022 Corrient '!X$5:X$1012,'PIB-Mpal 2015-2022 Corrient '!$A$5:$A$1012,$W$2,'PIB-Mpal 2015-2022 Corrient '!$E$5:$E$1012,$A39) -> 13.236251 | V39: =SUMIFS('PIB-Mpal 2015-2022 Corrient '!Y$5:Y$1012,'PIB-Mpal 2015-2022 Corrient '!$A$5:$A$1012,$W$2,'PIB-Mpal 2015-2022 Corrient '!$E$5:$E$1012,$A39) -> 144.21158 | W39: =V39/$V$5 -> 0.0009391254 | X39: =INDEX(POBLACION!$C$4:$W$128,MATCH(A39,POBLACION!$A$4:$A$128,0),MATCH($W$2,POBLACION!$C$3:$W$3,0)) -> 11910 | Y39: =(T39/X39)*1000000 -> 10997.089 | Z39: =(V39/X39)*1000000 -> 12108.445 | AA39: =LOG(Y39) -> 4.0412777 | AB39: =LOG(Z39) -> 4.0830884
A40: 05885 | B40: Nordeste | C40: Provincia Minero Agroecológica | D40: Yalí | E40: =SUMIFS('PIB-Mpal 2015-2022 Corrient '!H$5:H$1012,'PIB-Mpal 2015-2022 Corrient '!$A$5:$A$1012,$W$2,'PIB-Mpal 2015-2022 Corrient '!$E$5:$E$1012,$A40) -> 14.401551 | F40: =SUMIFS('PIB-Mpal 2015-2022 Corrient '!I$5:I$1012,'PIB-Mpal 2015-2022 Corrient '!$A$5:$A$1012,$W$2,'PIB-Mpal 2015-2022 Corrient '!$E$5:$E$1012,$A40) -> 0.84263703 | G40: =SUMIFS('PIB-Mpal 2015-2022 Corrient '!K$5:K$1012,'PIB-Mpal 2015-2022 Corrient '!$A$5:$A$1012,$W$2,'PIB-Mpal 2015-2022 Corrient '!$E$5:$E$1012,$A40) -> 1.9199297 | H40: =SUMIFS('PIB-Mpal 2015-2022 Corrient '!L$5:L$1012,'PIB-Mpal 2015-2022 Corrient '!$A$5:$A$1012,$W$2,'PIB-Mpal 2015-2022 Corrient '!$E$5:$E$1012,$A40) -> 4.2002065 | I40: =SUMIFS('PIB-Mpal 2015-2022 Corrient '!N$5:N$1012,'PIB-Mpal 2015-2022 Corrient '!$A$5:$A$1012,$W$2,'PIB-Mpal 2015-2022 Corrient '!$E$5:$E$1012,$A40) -> 4.5976102 | J40: =SUMIFS('PIB-Mpal 2015-2022 Corrient '!O$5:O$1012,'PIB-Mpal 2015-2022 Corrient '!$A$5:$A$1012,$W$2,'PIB-Mpal 2015-2022 Corrient '!$E$5:$E$1012,$A40) -> 11.227281 | K40: =SUMIFS('PIB-Mpal 2015-2022 Corrient '!P$5:P$1012,'PIB-Mpal 2015-2022 Corrient '!$A$5:$A$1012,$W$2,'PIB-Mpal 2015-2022 Corrient '!$E$5:$E$1012,$A40) -> 2.676541 | L40: =SUMIFS('PIB-Mpal 2015-2022 Corrient '!Q$5:Q$1012,'PIB-Mpal 2015-2022 Corrient '!$A$5:$A$1012,$W$2,'PIB-Mpal 2015-2022 Corrient '!$E$5:$E$1012,$A40) -> 1.3340566 | M40: =SUMIFS('PIB-Mpal 2015-2022 Corrient '!R$5:R$1012,'PIB-Mpal 2015-2022 Corrient '!$A$5:$A$1012,$W$2,'PIB-Mpal 2015-2022 Corrient '!$E$5:$E$1012,$A40) -> 4.9573762 | N40: =SUMIFS('PIB-Mpal 2015-2022 Corrient '!S$5:S$1012,'PIB-Mpal 2015-2022 Corrient '!$A$5:$A$1012,$W$2,'PIB-Mpal 2015-2022 Corrient '!$E$5:$E$1012,$A40) -> 8.4852769 | O40: =SUMIFS('PIB-Mpal 2015-2022 Corrient '!T$5:T$1012,'PIB-Mpal 2015-2022 Corrient '!$A$5:$A$1012,$W$2,'PIB-Mpal 2015-2022 Corrient '!$E$5:$E$1012,$A40) -> 18.910627 | P40: =SUMIFS('PIB-Mpal 2015-2022 Corrient '!U$5:U$1012,'PIB-Mpal 2015-2022 Corrient '!$A$5:$A$1012,$W$2,'PIB-Mpal 2015-2022 Corrient '!$E$5:$E$1012,$A40) -> 3.9338567 | Q40: =SUMIFS('PIB-Mpal 2015-2022 Corrient '!J$5:J$1012,'PIB-Mpal 2015-2022 Corrient '!$A$5:$A$1012,$W$2,'PIB-Mpal 2015-2022 Corrient '!$E$5:$E$1012,$A40) -> 15.244188 | R40: =SUMIFS('PIB-Mpal 2015-2022 Corrient '!M$5:M$1012,'PIB-Mpal 2015-2022 Corrient '!$A$5:$A$1012,$W$2,'PIB-Mpal 2015-2022 Corrient '!$E$5:$E$1012,$A40) -> 6.1201362 | S40: =SUMIFS('PIB-Mpal 2015-2022 Corrient '!V$5:V$1012,'PIB-Mpal 2015-2022 Corrient '!$A$5:$A$1012,$W$2,'PIB-Mpal 2015-2022 Corrient '!$E$5:$E$1012,$A40) -> 56.122626 | T40: =SUMIFS('PIB-Mpal 2015-2022 Corrient '!W$5:W$1012,'PIB-Mpal 2015-2022 Corrient '!$A$5:$A$1012,$W$2,'PIB-Mpal 2015-2022 Corrient '!$E$5:$E$1012,$A40) -> 77.486951 | U40: =SUMIFS('PIB-Mpal 2015-2022 Corrient '!X$5:X$1012,'PIB-Mpal 2015-2022 Corrient '!$A$5:$A$1012,$W$2,'PIB-Mpal 2015-2022 Corrient '!$E$5:$E$1012,$A40) -> 7.830763 | V40: =SUMIFS('PIB-Mpal 2015-2022 Corrient '!Y$5:Y$1012,'PIB-Mpal 2015-2022 Corrient '!$A$5:$A$1012,$W$2,'PIB-Mpal 2015-2022 Corrient '!$E$5:$E$1012,$A40) -> 85.317714 | W40: =V40/$V$5 -> 0.00055560055 | X40: =INDEX(POBLACION!$C$4:$W$128,MATCH(A40,POBLACION!$A$4:$A$128,0),MATCH($W$2,POBLACION!$C$3:$W$3,0)) -> 7630 | Y40: =(T40/X40)*1000000 -> 10155.564 | Z40: =(V40/X40)*1000000 -> 11181.876 | AA40: =LOG(Y40) -> 4.006704 | AB40: =LOG(Z40) -> 4.0485147
A41: 05890 | B41: Nordeste | C41: Provincia Minero Agroecológica | D41: Yolombó | E41: =SUMIFS('PIB-Mpal 2015-2022 Corrient '!H$5:H$1012,'PIB-Mpal 2015-2022 Corrient '!$A$5:$A$1012,$W$2,'PIB-Mpal 2015-2022 Corrient '!$E$5:$E$1012,$A41) -> 47.992157 | F41: =SUMIFS('PIB-Mpal 2015-2022 Corrient '!I$5:I$1012,'PIB-Mpal 2015-2022 Corrient '!$A$5:$A$1012,$W$2,'PIB-Mpal 2015-2022 Corrient '!$E$5:$E$1012,$A41) -> 0.97825763 | G41: =SUMIFS('PIB-Mpal 2015-2022 Corrient '!K$5:K$1012,'PIB-Mpal 2015-2022 Corrient '!$A$5:$A$1012,$W$2,'PIB-Mpal 2015-2022 Corrient '!$E$5:$E$1012,$A41) -> 3.9626901 | H41: =SUMIFS('PIB-Mpal 2015-2022 Corrient '!L$5:L$1012,'PIB-Mpal 2015-2022 Corrient '!$A$5:$A$1012,$W$2,'PIB-Mpal 2015-2022 Corrient '!$E$5:$E$1012,$A41) -> 20.519597 | I41: =SUMIFS('PIB-Mpal 2015-2022 Corrient '!N$5:N$1012,'PIB-Mpal 2015-2022 Corrient '!$A$5:$A$1012,$W$2,'PIB-Mpal 2015-2022 Corrient '!$E$5:$E$1012,$A41) -> 6.2133706 | J41: =SUMIFS('PIB-Mpal 2015-2022 Corrient '!O$5:O$1012,'PIB-Mpal 2015-2022 Corrient '!$A$5:$A$1012,$W$2,'PIB-Mpal 2015-2022 Corrient '!$E$5:$E$1012,$A41) -> 32.222198 | K41: =SUMIFS('PIB-Mpal 2015-2022 Corrient '!P$5:P$1012,'PIB-Mpal 2015-2022 Corrient '!$A$5:$A$1012,$W$2,'PIB-Mpal 2015-2022 Corrient '!$E$5:$E$1012,$A41) -> 6.9526797 | L41: =SUMIFS('PIB-Mpal 2015-2022 Corrient '!Q$5:Q$1012,'PIB-Mpal 2015-2022 Corrient '!$A$5:$A$1012,$W$2,'PIB-Mpal 2015-2022 Corrient '!$E$5:$E$1012,$A41) -> 3.8267462 | M41: =SUMIFS('PIB-Mpal 2015-2022 Corrient '!R$5:R$1012,'PIB-Mpal 2015-2022 Corrient '!$A$5:$A$1012,$W$2,'PIB-Mpal 2015-2022 Corrient '!$E$5:$E$1012,$A41) -> 13.548919 | N41: =SUMIFS('PIB-Mpal 2015-2022 Corrient '!S$5:S$1012,'PIB-Mpal 2015-2022 Corrient '!$A$5:$A$1012,$W$2,'PIB-Mpal 2015-2022 Corrient '!$E$5:$E$1012,$A41) -> 22.498029 | O41: =SUMIFS('PIB-Mpal 2015-2022 Corrient '!T$5:T$1012,'PIB-Mpal 2015-2022 Corrient '!$A$5:$A$1012,$W$2,'PIB-Mpal 2015-2022 Corrient '!$E$5:$E$1012,$A41) -> 62.270991 | P41: =SUMIFS('PIB-Mpal 2015-2022 Corrient '!U$5:U$1012,'PIB-Mpal 2015-2022 Corrient '!$A$5:$A$1012,$W$2,'PIB-Mpal 2015-2022 Corrient '!$E$5:$E$1012,$A41) -> 13.60581 | Q41: =SUMIFS('PIB-Mpal 2015-2022 Corrient '!J$5:J$1012,'PIB-Mpal 2015-2022 Corrient '!$A$5:$A$1012,$W$2,'PIB-Mpal 2015-2022 Corrient '!$E$5:$E$1012,$A41) -> 48.970414 | R41: =SUMIFS('PIB-Mpal 2015-2022 Corrient '!M$5:M$1012,'PIB-Mpal 2015-2022 Corrient '!$A$5:$A$1012,$W$2,'PIB-Mpal 2015-2022 Corrient '!$E$5:$E$1012,$A41) -> 24.482288 | S41: =SUMIFS('PIB-Mpal 2015-2022 Corrient '!V$5:V$1012,'PIB-Mpal 2015-2022 Corrient '!$A$5:$A$1012,$W$2,'PIB-Mpal 2015-2022 Corrient '!$E$5:$E$1012,$A41) -> 161.13874 | T41: =SUMIFS('PIB-Mpal 2015-2022 Corrient '!W$5:W$1012,'PIB-Mpal 2015-2022 Corrient '!$A$5:$A$1012,$W$2,'PIB-Mpal 2015-2022 Corrient '!$E$5:$E$1012,$A41) -> 234.59144 | U41: =SUMIFS('PIB-Mpal 2015-2022 Corrient '!X$5:X$1012,'PIB-Mpal 2015-2022 Corrient '!$A$5:$A$1012,$W$2,'PIB-Mpal 2015-2022 Corrient '!$E$5:$E$1012,$A41) -> 23.707605 | V41: =SUMIFS('PIB-Mpal 2015-2022 Corrient '!Y$5:Y$1012,'PIB-Mpal 2015-2022 Corrient '!$A$5:$A$1012,$W$2,'PIB-Mpal 2015-2022 Corrient '!$E$5:$E$1012,$A41) -> 258.29905 | W41: =V41/$V$5 -> 0.0016820785 | X41: =INDEX(POBLACION!$C$4:$W$128,MATCH(A41,POBLACION!$A$4:$A$128,0),MATCH($W$2,POBLACION!$C$3:$W$3,0)) -> 23050 | Y41: =(T41/X41)*1000000 -> 10177.503 | Z41: =(V41/X41)*1000000 -> 11206.033 | AA41: =LOG(Y41) -> 4.0076412 | AB41: =LOG(Z41) -> 4.0494519
A42: SR05 | B42: Total Norte | E42: =SUM(E43:E59) -> 853.0031 | F42: =SUM(F43:F59) -> 12.029339 | G42: =SUM(G43:G59) -> 856.93141 | H42: =SUM(H43:H59) -> 403.26713 | I42: =SUM(I43:I59) -> 268.06736 | J42: =SUM(J43:J59) -> 616.26103 | K42: =SUM(K43:K59) -> 111.28059 | L42: =SUM(L43:L59) -> 91.240432 | ... V42: =SUM(V43:V59) -> 5093.411 | W42: =V42/$V$5 -> 0.033168984 | X42: =SUM(X43:X59) -> 244995 | Y42: =(T42/X42)*1000000 -> 18881.69 | Z42: =(V42/X42)*1000000 -> 20789.857 | AA42: =LOG(Y42) -> 4.2760409 | AB42: =LOG(Z42) -> 4.3178515
A43: 05038 | B43: Norte | C43: A la fecha no ha conformado un Esquema Asociativo Territorial | D43: Angostura | E43: =SUMIFS('PIB-Mpal 2015-2022 Corrient '!H$5:H$1012,'PIB-Mpal 2015-2022 Corrient '!$A$5:$A$1012,$W$2,'PIB-Mpal 2015-2022 Corrient '!$E$5:$E$1012,$A43) -> 30.471873 | F43: =SUMIFS('PIB-Mpal 2015-2022 Corrient '!I$5:I$1012,'PIB-Mpal 2015-2022 Corrient '!$A$5:$A$1012,$W$2,'PIB-Mpal 2015-2022 Corrient '!$E$5:$E$1012,$A43) -> 0 | G43: =SUMIFS('PIB-Mpal 2015-2022 Corrient '!K$5:K$1012,'PIB-Mpal 2015-2022 Corrient '!$A$5:$A$1012,$W$2,'PIB-Mpal 2015-2022 Corrient '!$E$5:$E$1012,$A43) -> 1.2151709 | H43: =SUMIFS('PIB-Mpal 2015-2022 Corrient '!L$5:L$1012,'PIB-Mpal 2015-2022 Corrient '!$A$5:$A$1012,$W$2,'PIB-Mpal 2015-2022 Corrient '!$E$5:$E$1012,$A43) -> 19.371851 | I43: =SUMIFS('PIB-Mpal 2015-2022 Corrient '!N$5:N$1012,'PIB-Mpal 2015-2022 Corrient '!$A$5:$A$1012,$W$2,'PIB-Mpal 2015-2022 Corrient '!$E$5:$E$1012,$A43) -> 6.249918 | J43: =SUMIFS('PIB-Mpal 2015-2022 Corrient '!O$5:O$1012,'PIB-Mpal 2015-2022 Corrient '!$A$5:$A$1012,$W$2,'PIB-Mpal 2015-2022 Corrient '!$E$5:$E$1012,$A43) -> 20.855421 | K43: =SUMIFS('PIB-Mpal 2015-2022 Corrient '!P$5:P$1012,'PIB-Mpal 2015-2022 Corrient '!$A$5:$A$1012,$W$2,'PIB-Mpal 2015-2022 Corrient '!$E$5:$E$1012,$A43) -> 4.5880152 | L43: =SUMIFS('PIB-Mpal 2015-2022 Corrient '!Q$5:Q$1012,'PIB-Mpal 2015-2022 Corrient '!$A$5:$A$1012,$W$2,'PIB-Mpal 2015-2022 Corrient '!$E$5:$E$1012,$A43) -> 2.5315638 | M43: =SUMIFS('PIB-Mpal 2015-2022 Corrient '!R$5:R$1012,'PIB-Mpal 2015-2022 Corrient '!$A$5:$A$1012,$W$2,'PIB-Mpal 2015-2022 Corrient '!$E$5:$E$1012,$A43) -> 9.1037785 | N43: =SUMIFS('PIB-Mpal 2015-2022 Corrient '!S$5:S$1012,'PIB-Mpal 2015-2022 Corrient '!$A$5:$A$1012,$W$2,'PIB-Mpal 2015-2022 Corrient '!$E$5:$E$1012,$A43) -> 11.284487 | O43: =SUMIFS('PIB-Mpal 2015-2022 Corrient '!T$5:T$1012,'PIB-Mpal 2015-2022 Corrient '!$A$5:$A$1012,$W$2,'PIB-Mpal 2015-2022 Corrient '!$E$5:$E$1012,$A43) -> 26.736154 | P43: =SUMIFS('PIB-Mpal 2015-2022 Corrient '!U$5:U$1012,'PIB-Mpal 2015-2022 Corrient '!$A$5:$A$1012,$W$2,'PIB-Mpal 2015-2022 Corrient '!$E$5:$E$1012,$A43) -> 3.7097991 | Q43: =SUMIFS('PIB-Mpal 2015-2022 Corrient '!J$5:J$1012,'PIB-Mpal 2015-2022 Corrient '!$A$5:$A$1012,$W$2,'PIB-Mpal 2015-2022 Corrient '!$E$5:$E$1012,$A43) -> 30.471873 | R43: =SUMIFS('PIB-Mpal 2015-2022 Corrient '!M$5:M$1012,'PIB-Mpal 2015-2022 Corrient '!$A$5:$A$1012,$W$2,'PIB-Mpal 2015-2022 Corrient '!$E$5:$E$1012,$A43) -> 20.587022 | S43: =SUMIFS('PIB-Mpal 2015-2022 Corrient '!V$5:V$1012,'PIB-Mpal 2015-2022 Corrient '!$A$5:$A$1012,$W$2,'PIB-Mpal 2015-2022 Corrient '!$E$5:$E$1012,$A43) -> 85.059137 | T43: =SUMIFS('PIB-Mpal 2015-2022 Corrient '!W$5:W$1012,'PIB-Mpal 2015-2022 Corrient '!$A$5:$A$1012,$W$2,'PIB-Mpal 2015-2022 Corrient '!$E$5:$E$1012,$A43) -> 136.11803 | U43: =SUMIFS('PIB-Mpal 2015-2022 Corrient '!X$5:X$1012,'PIB-Mpal 2015-2022 Corrient '!$A$5:$A$1012,$W$2,'PIB-Mpal 2015-2022 Corrient '!$E$5:$E$1012,$A43) -> 13.755968 | V43: =SUMIFS('PIB-Mpal 2015-2022 Corrient '!Y$5:Y$1012,'PIB-Mpal 2015-2022 Corrient '!$A$5:$A$1012,$W$2,'PIB-Mpal 2015-2022 Corrient '!$E$5:$E$1012,$A43) -> 149.874 | W43: =V43/$V$5 -> 0.00097599986 | X43: =INDEX(POBLACION!$C$4:$W$128,MATCH(A43,POBLACION!$A$4:$A$128,0),MATCH($W$2,POBLACION!$C$3:$W$3,0)) -> 11462 | Y43: =(T43/X43)*1000000 -> 11875.592 | Z43: =(V43/X43)*1000000 -> 13075.729 | AA43: =LOG(Y43) -> 4.0746553 | AB43: =LOG(Z43) -> 4.1164659
A44: 05086 | B44: Norte | C44: A la fecha no ha conformado un Esquema Asociativo Territorial | D44: Belmira | E44: =SUMIFS('PIB-Mpal 2015-2022 Corrient '!H$5:H$1012,'PIB-Mpal 2015-2022 Corrient '!$A$5:$A$1012,$W$2,'PIB-Mpal 2015-2022 Corrient '!$E$5:$E$1012,$A44) -> 23.067584 | F44: =SUMIFS('PIB-Mpal 2015-2022 Corrient '!I$5:I$1012,'PIB-Mpal 2015-2022 Corrient '!$A$5:$A$1012,$W$2,'PIB-Mpal 2015-2022 Corrient '!$E$5:$E$1012,$A44) -> 0.27231015 | G44: =SUMIFS('PIB-Mpal 2015-2022 Corrient '!K$5:K$1012,'PIB-Mpal 2015-2022 Corrient '!$A$5:$A$1012,$W$2,'PIB-Mpal 2015-2022 Corrient '!$E$5:$E$1012,$A44) -> 2.5595747 | H44: =SUMIFS('PIB-Mpal 2015-2022 Corrient '!L$5:L$1012,'PIB-Mpal 2015-2022 Corrient '!$A$5:$A$1012,$W$2,'PIB-Mpal 2015-2022 Corrient '!$E$5:$E$1012,$A44) -> 4.2120714 | I44: =SUMIFS('PIB-Mpal 2015-2022 Corrient '!N$5:N$1012,'PIB-Mpal 2015-2022 Corrient '!$A$5:$A$1012,$W$2,'PIB-Mpal 2015-2022 Corrient '!$E$5:$E$1012,$A44) -> 2.3265196 | J44: =SUMIFS('PIB-Mpal 2015-2022 Corrient '!O$5:O$1012,'PIB-Mpal 2015-2022 Corrient '!$A$5:$A$1012,$W$2,'PIB-Mpal 2015-2022 Corrient '!$E$5:$E$1012,$A44) -> 6.8563901 | K44: =SUMIFS('PIB-Mpal 2015-2022 Corrient '!P$5:P$1012,'PIB-Mpal 2015-2022 Corrient '!$A$5:$A$1012,$W$2,'PIB-Mpal 2015-2022 Corrient '!$E$5:$E$1012,$A44) -> 1.3398432 | L44: =SUMIFS('PIB-Mpal 2015-2022 Corrient '!Q$5:Q$1012,'PIB-Mpal 2015-2022 Corrient '!$A$5:$A$1012,$W$2,'PIB-Mpal 2015-2022 Corrient '!$E$5:$E$1012,$A44) -> 0.42825644 | M44: =SUMIFS('PIB-Mpal 2015-2022 Corrient '!R$5:R$1012,'PIB-Mpal 2015-2022 Corrient '!$A$5:$A$1012,$W$2,'PIB-Mpal 2015-2022 Corrient '!$E$5:$E$1012,$A44) -> 4.5016876 | N44: =SUMIFS('PIB-Mpal 2015-2022 Corrient '!S$5:S$1012,'PIB-Mpal 2015-2022 Corrient '!$A$5:$A$1012,$W$2,'PIB-Mpal 2015-2022 Corrient '!$E$5:$E$1012,$A44) -> 6.5745999 | O44: =SUMIFS('PIB-Mpal 2015-2022 Corrient '!T$5:T$1012,'PIB-Mpal 2015-2022 Corrient '!$A$5:$A$1012,$W$2,'PIB-Mpal 2015-2022 Corrient '!$E$5:$E$1012,$A44) -> 27.704888 | P44: =SUMIFS('PIB-Mpal 2015-2022 Corrient '!U$5:U$1012,'PIB-Mpal 2015-2022 Corrient '!$A$5:$A$1012,$W$2,'PIB-Mpal 2015-2022 Corrient '!$E$5:$E$1012,$A44) -> 1.6061261 | Q44: =SUMIFS('PIB-Mpal 2015-2022 Corrient '!J$5:J$1012,'PIB-Mpal 2015-2022 Corrient '!$A$5:$A$1012,$W$2,'PIB-Mpal 2015-2022 Corrient '!$E$5:$E$1012,$A44) -> 23.339894 | R44: =SUMIFS('PIB-Mpal 2015-2022 Corrient '!M$5:M$1012,'PIB-Mpal 2015-2022 Corrient '!$A$5:$A$1012,$W$2,'PIB-Mpal 2015-2022 Corrient '!$E$5:$E$1012,$A44) -> 6.7716461 | S44: =SUMIFS('PIB-Mpal 2015-2022 Corrient '!V$5:V$1012,'PIB-Mpal 2015-2022 Corrient '!$A$5:$A$1012,$W$2,'PIB-Mpal 2015-2022 Corrient '!$E$5:$E$1012,$A44) -> 51.338311 | T44: =SUMIFS('PIB-Mpal 2015-2022 Corrient '!W$5:W$1012,'PIB-Mpal 2015-2022 Corrient '!$A$5:$A$1012,$W$2,'PIB-Mpal 2015-2022 Corrient '!$E$5:$E$1012,$A44) -> 81.449851 | U44: =SUMIFS('PIB-Mpal 2015-2022 Corrient '!X$5:X$1012,'PIB-Mpal 2015-2022 Corrient '!$A$5:$A$1012,$W$2,'PIB-Mpal 2015-2022 Corrient '!$E$5:$E$1012,$A44) -> 8.2312502 | V44: =SUMIFS('PIB-Mpal 2015-2022 Corrient '!Y$5:Y$1012,'PIB-Mpal 2015-2022 Corrient '!$A$5:$A$1012,$W$2,'PIB-Mpal 2015-2022 Corrient '!$E$5:$E$1012,$A44) -> 89.681101 | W44: =V44/$V$5 -> 0.00058401552 | X44: =INDEX(POBLACION!$C$4:$W$128,MATCH(A44,POBLACION!$A$4:$A$128,0),MATCH($W$2,POBLACION!$C$3:$W$3,0)) -> 6054 | Y44: =(T44/X44)*1000000 -> 13453.89 | Z44: =(V44/X44)*1000000 -> 14813.528 | AA44: =LOG(Y44) -> 4.1288479 | AB44: =LOG(Z44) -> 4.1706585
A45: 05107 | B45: Norte | C45: A la fecha no ha conformado un Esquema Asociativo Territorial | D45: Briceño | E45: =SUMIFS('PIB-Mpal 2015-2022 Corrient '!H$5:H$1012,'PIB-Mpal 2015-2022 Corrient '!$A$5:$A$1012,$W$2,'PIB-Mpal 2015-2022 Corrient '!$E$5:$E$1012,$A45) -> 10.12982 | F45: =SUMIFS('PIB-Mpal 2015-2022 Corrient '!I$5:I$1012,'PIB-Mpal 2015-2022 Corrient '!$A$5:$A$1012,$W$2,'PIB-Mpal 2015-2022 Corrient '!$E$5:$E$1012,$A45) -> 0.92711629 | G45: =SUMIFS('PIB-Mpal 2015-2022 Corrient '!K$5:K$1012,'PIB-Mpal 2015-2022 Corrient '!$A$5:$A$1012,$W$2,'PIB-Mpal 2015-2022 Corrient '!$E$5:$E$1012,$A45) -> 0.56356478 | H45: =SUMIFS('PIB-Mpal 2015-2022 Corrient '!L$5:L$1012,'PIB-Mpal 2015-2022 Corrient '!$A$5:$A$1012,$W$2,'PIB-Mpal 2015-2022 Corrient '!$E$5:$E$1012,$A45) -> 5.4619706 | I45: =SUMIFS('PIB-Mpal 2015-2022 Corrient '!N$5:N$1012,'PIB-Mpal 2015-2022 Corrient '!$A$5:$A$1012,$W$2,'PIB-Mpal 2015-2022 Corrient '!$E$5:$E$1012,$A45) -> 2.3089484 | J45: =SUMIFS('PIB-Mpal 2015-2022 Corrient '!O$5:O$1012,'PIB-Mpal 2015-2022 Corrient '!$A$5:$A$1012,$W$2,'PIB-Mpal 2015-2022 Corrient '!$E$5:$E$1012,$A45) -> 6.8300702 | K45: =SUMIFS('PIB-Mpal 2015-2022 Corrient '!P$5:P$1012,'PIB-Mpal 2015-2022 Corrient '!$A$5:$A$1012,$W$2,'PIB-Mpal 2015-2022 Corrient '!$E$5:$E$1012,$A45) -> 2.8251231 | L45: =SUMIFS('PIB-Mpal 2015-2022 Corrient '!Q$5:Q$1012,'PIB-Mpal 2015-2022 Corrient '!$A$5:$A$1012,$W$2,'PIB-Mpal 2015-2022 Corrient '!$E$5:$E$1012,$A45) -> 1.2223892 | M45: =SUMIFS('PIB-Mpal 2015-2022 Corrient '!R$5:R$1012,'PIB-Mpal 2015-2022 Corrient '!$A$5:$A$1012,$W$2,'PIB-Mpal 2015-2022 Corrient '!$E$5:$E$1012,$A45) -> 4.8711157 | N45: =SUMIFS('PIB-Mpal 2015-2022 Corrient '!S$5:S$1012,'PIB-Mpal 2015-2022 Corrient '!$A$5:$A$1012,$W$2,'PIB-Mpal 2015-2022 Corrient '!$E$5:$E$1012,$A45) -> 9.8930115 | O45: =SUMIFS('PIB-Mpal 2015-2022 Corrient '!T$5:T$1012,'PIB-Mpal 2015-2022 Corrient '!$A$5:$A$1012,$W$2,'PIB-Mpal 2015-2022 Corrient '!$E$5:$E$1012,$A45) -> 25.460311 | P45: =SUMIFS('PIB-Mpal 2015-2022 Corrient '!U$5:U$1012,'PIB-Mpal 2015-2022 Corrient '!$A$5:$A$1012,$W$2,'PIB-Mpal 2015-2022 Corrient '!$E$5:$E$1012,$A45) -> 2.7003508 | Q45: =SUMIFS('PIB-Mpal 2015-2022 Corrient '!J$5:J$1012,'PIB-Mpal 2015-2022 Corrient '!$A$5:$A$1012,$W$2,'PIB-Mpal 2015-2022 Corrient '!$E$5:$E$1012,$A45) -> 11.056936 | R45: =SUMIFS('PIB-Mpal 2015-2022 Corrient '!M$5:M$1012,'PIB-Mpal 2015-2022 Corrient '!$A$5:$A$1012,$W$2,'PIB-Mpal 2015-2022 Corrient '!$E$5:$E$1012,$A45) -> 6.0255354 | S45: =SUMIFS('PIB-Mpal 2015-2022 Corrient '!V$5:V$1012,'PIB-Mpal 2015-2022 Corrient '!$A$5:$A$1012,$W$2,'PIB-Mpal 2015-2022 Corrient '!$E$5:$E$1012,$A45) -> 56.11132 | T45: =SUMIFS('PIB-Mpal 2015-2022 Corrient '!W$5:W$1012,'PIB-Mpal 2015-2022 Corrient '!$A$5:$A$1012,$W$2,'PIB-Mpal 2015-2022 Corrient '!$E$5:$E$1012,$A45) -> 73.193791 | U45: =SUMIFS('PIB-Mpal 2015-2022 Corrient '!X$5:X$1012,'PIB-Mpal 2015-2022 Corrient '!$A$5:$A$1012,$W$2,'PIB-Mpal 2015-2022 Corrient '!$E$5:$E$1012,$A45) -> 7.3969001 | V45: =SUMIFS('PIB-Mpal 2015-2022 Corrient '!Y$5:Y$1012,'PIB-Mpal 2015-2022 Corrient '!$A$5:$A$1012,$W$2,'PIB-Mpal 2015-2022 Corrient '!$E$5:$E$1012,$A45) -> 80.590691 | W45: =V45/$V$5 -> 0.00052481753 | X45: =INDEX(POBLACION!$C$4:$W$128,MATCH(A45,POBLACION!$A$4:$A$128,0),MATCH($W$2,POBLACION!$C$3:$W$3,0)) -> 8065 | Y45: =(T45/X45)*1000000 -> 9075.4856 | Z45: =(V45/X45)*1000000 -> 9992.6461 | AA45: =LOG(Y45) -> 3.9578699 | AB45: =LOG(Z45) -> 3.9996805
A46: 05134 | B46: Norte | C46: A la fecha no ha conformado un Esquema Asociativo Territorial | D46: Campamento | E46: =SUMIFS('PIB-Mpal 2015-2022 Corrient '!H$5:H$1012,'PIB-Mpal 2015-2022 Corrient '!$A$5:$A$1012,$W$2,'PIB-Mpal 2015-2022 Corrient '!$E$5:$E$1012,$A46) -> 5.7003127 | F46: =SUMIFS('PIB-Mpal 2015-2022 Corrient '!I$5:I$1012,'PIB-Mpal 2015-2022 Corrient '!$A$5:$A$1012,$W$2,'PIB-Mpal 2015-2022 Corrient '!$E$5:$E$1012,$A46) -> 0 | G46: =SUMIFS('PIB-Mpal 2015-2022 Corrient '!K$5:K$1012,'PIB-Mpal 2015-2022 Corrient '!$A$5:$A$1012,$W$2,'PIB-Mpal 2015-2022 Corrient '!$E$5:$E$1012,$A46) -> 1.153171 | H46: =SUMIFS('PIB-Mpal 2015-2022 Corrient '!L$5:L$1012,'PIB-Mpal 2015-2022 Corrient '!$A$5:$A$1012,$W$2,'PIB-Mpal 2015-2022 Corrient '!$E$5:$E$1012,$A46) -> 5.6936816 | I46: =SUMIFS('PIB-Mpal 2015-2022 Corrient '!N$5:N$1012,'PIB-Mpal 2015-2022 Corrient '!$A$5:$A$1012,$W$2,'PIB-Mpal 2015-2022 Corrient '!$E$5:$E$1012,$A46) -> 4.1918049 | J46: =SUMIFS('PIB-Mpal 2015-2022 Corrient '!O$5:O$1012,'PIB-Mpal 2015-2022 Corrient '!$A$5:$A$1012,$W$2,'PIB-Mpal 2015-2022 Corrient '!$E$5:$E$1012,$A46) -> 12.034804 | K46: =SUMIFS('PIB-Mpal 2015-2022 Corrient '!P$5:P$1012,'PIB-Mpal 2015-2022 Corrient '!$A$5:$A$1012,$W$2,'PIB-Mpal 2015-2022 Corrient '!$E$5:$E$1012,$A46) -> 3.4876823 | L46: =SUMIFS('PIB-Mpal 2015-2022 Corrient '!Q$5:Q$1012,'PIB-Mpal 2015-2022 Corrient '!$A$5:$A$1012,$W$2,'PIB-Mpal 2015-2022 Corrient '!$E$5:$E$1012,$A46) -> 1.897569 | M46: =SUMIFS('PIB-Mpal 2015-2022 Corrient '!R$5:R$1012,'PIB-Mpal 2015-2022 Corrient '!$A$5:$A$1012,$W$2,'PIB-Mpal 2015-2022 Corrient '!$E$5:$E$1012,$A46) -> 5.7352246 | N46: =SUMIFS('PIB-Mpal 2015-2022 Corrient '!S$5:S$1012,'PIB-Mpal 2015-2022 Corrient '!$A$5:$A$1012,$W$2,'PIB-Mpal 2015-2022 Corrient '!$E$5:$E$1012,$A46) -> 9.51787 | O46: =SUMIFS('PIB-Mpal 2015-2022 Corrient '!T$5:T$1012,'PIB-Mpal 2015-2022 Corrient '!$A$5:$A$1012,$W$2,'PIB-Mpal 2015-2022 Corrient '!$E$5:$E$1012,$A46) -> 22.062892 | P46: =SUMIFS('PIB-Mpal 2015-2022 Corrient '!U$5:U$1012,'PIB-Mpal 2015-2022 Corrient '!$A$5:$A$1012,$W$2,'PIB-Mpal 2015-2022 Corrient '!$E$5:$E$1012,$A46) -> 3.0662918 | Q46: =SUMIFS('PIB-Mpal 2015-2022 Corrient '!J$5:J$1012,'PIB-Mpal 2015-2022 Corrient '!$A$5:$A$1012,$W$2,'PIB-Mpal 2015-2022 Corrient '!$E$5:$E$1012,$A46) -> 5.7003127 | R46: =SUMIFS('PIB-Mpal 2015-2022 Corrient '!M$5:M$1012,'PIB-Mpal 2015-2022 Corrient '!$A$5:$A$1012,$W$2,'PIB-Mpal 2015-2022 Corrient '!$E$5:$E$1012,$A46) -> 6.8468526 | S46: =SUMIFS('PIB-Mpal 2015-2022 Corrient '!V$5:V$1012,'PIB-Mpal 2015-2022 Corrient '!$A$5:$A$1012,$W$2,'PIB-Mpal 2015-2022 Corrient '!$E$5:$E$1012,$A46) -> 61.994138 | T46: =SUMIFS('PIB-Mpal 2015-2022 Corrient '!W$5:W$1012,'PIB-Mpal 2015-2022 Corrient '!$A$5:$A$1012,$W$2,'PIB-Mpal 2015-2022 Corrient '!$E$5:$E$1012,$A46) -> 74.541304 | U46: =SUMIFS('PIB-Mpal 2015-2022 Corrient '!X$5:X$1012,'PIB-Mpal 2015-2022 Corrient '!$A$5:$A$1012,$W$2,'PIB-Mpal 2015-2022 Corrient '!$E$5:$E$1012,$A46) -> 7.5330785 | V46: =SUMIFS('PIB-Mpal 2015-2022 Corrient '!Y$5:Y$1012,'PIB-Mpal 2015-2022 Corrient '!$A$5:$A$1012,$W$2,'PIB-Mpal 2015-2022 Corrient '!$E$5:$E$1012,$A46) -> 82.074382 | W46: =V46/$V$5 -> 0.00053447953 | X46: =INDEX(POBLACION!$C$4:$W$128,MATCH(A46,POBLACION!$A$4:$A$128,0),MATCH($W$2,POBLACION!$C$3:$W$3,0)) -> 9202 | Y46: =(T46/X46)*1000000 -> 8100.5546 | Z46: =(V46/X46)*1000000 -> 8919.1896 | AA46: =LOG(Y46) -> 3.9085148 | AB46: =LOG(Z46) -> 3.9503254
A47: 05150 | B47: Norte | C47: A la fecha no ha conformado un Esquema Asociativo Territorial | D47: Carolina del Príncipe | E47: =SUMIFS('PIB-Mpal 2015-2022 Corrient '!H$5:H$1012,'PIB-Mpal 2015-2022 Corrient '!$A$5:$A$1012,$W$2,'PIB-Mpal 2015-2022 Corrient '!$E$5:$E$1012,$A47) -> 7.0065373 | F47: =SUMIFS('PIB-Mpal 2015-2022 Corrient '!I$5:I$1012,'PIB-Mpal 2015-2022 Corrient '!$A$5:$A$1012,$W$2,'PIB-Mpal 2015-2022 Corrient '!$E$5:$E$1012,$A47) -> 0 | G47: =SUMIFS('PIB-Mpal 2015-2022 Corrient '!K$5:K$1012,'PIB-Mpal 2015-2022 Corrient '!$A$5:$A$1012,$W$2,'PIB-Mpal 2015-2022 Corrient '!$E$5:$E$1012,$A47) -> 0.61275373 | H47: =SUMIFS('PIB-Mpal 2015-2022 Corrient '!L$5:L$1012,'PIB-Mpal 2015-2022 Corrient '!$A$5:$A$1012,$W$2,'PIB-Mpal 2015-2022 Corrient '!$E$5:$E$1012,$A47) -> 3.0909552 | I47: =SUMIFS('PIB-Mpal 2015-2022 Corrient '!N$5:N$1012,'PIB-Mpal 2015-2022 Corrient '!$A$5:$A$1012,$W$2,'PIB-Mpal 2015-2022 Corrient '!$E$5:$E$1012,$A47) -> 23.663863 | J47: =SUMIFS('PIB-Mpal 2015-2022 Corrient '!O$5:O$1012,'PIB-Mpal 2015-2022 Corrient '!$A$5:$A$1012,$W$2,'PIB-Mpal 2015-2022 Corrient '!$E$5:$E$1012,$A47) -> 1.5947099 | K47: =SUMIFS('PIB-Mpal 2015-2022 Corrient '!P$5:P$1012,'PIB-Mpal 2015-2022 Corrient '!$A$5:$A$1012,$W$2,'PIB-Mpal 2015-2022 Corrient '!$E$5:$E$1012,$A47) -> 0.46924709 | L47: =SUMIFS('PIB-Mpal 2015-2022 Corrient '!Q$5:Q$1012,'PIB-Mpal 2015-2022 Corrient '!$A$5:$A$1012,$W$2,'PIB-Mpal 2015-2022 Corrient '!$E$5:$E$1012,$A47) -> 0.24156403 | M47: =SUMIFS('PIB-Mpal 2015-2022 Corrient '!R$5:R$1012,'PIB-Mpal 2015-2022 Corrient '!$A$5:$A$1012,$W$2,'PIB-Mpal 2015-2022 Corrient '!$E$5:$E$1012,$A47) -> 0.98385698 | N47: =SUMIFS('PIB-Mpal 2015-2022 Corrient '!S$5:S$1012,'PIB-Mpal 2015-2022 Corrient '!$A$5:$A$1012,$W$2,'PIB-Mpal 2015-2022 Corrient '!$E$5:$E$1012,$A47) -> 2.7390697 | O47: =SUMIFS('PIB-Mpal 2015-2022 Corrient '!T$5:T$1012,'PIB-Mpal 2015-2022 Corrient '!$A$5:$A$1012,$W$2,'PIB-Mpal 2015-2022 Corrient '!$E$5:$E$1012,$A47) -> 3.4115565 | P47: =SUMIFS('PIB-Mpal 2015-2022 Corrient '!U$5:U$1012,'PIB-Mpal 2015-2022 Corrient '!$A$5:$A$1012,$W$2,'PIB-Mpal 2015-2022 Corrient '!$E$5:$E$1012,$A47) -> 0.40653779 | Q47: =SUMIFS('PIB-Mpal 2015-2022 Corrient '!J$5:J$1012,'PIB-Mpal 2015-2022 Corrient '!$A$5:$A$1012,$W$2,'PIB-Mpal 2015-2022 Corrient '!$E$5:$E$1012,$A47) -> 7.0065373 | R47: =SUMIFS('PIB-Mpal 2015-2022 Corrient '!M$5:M$1012,'PIB-Mpal 2015-2022 Corrient '!$A$5:$A$1012,$W$2,'PIB-Mpal 2015-2022 Corrient '!$E$5:$E$1012,$A47) -> 3.703709 | S47: =SUMIFS('PIB-Mpal 2015-2022 Corrient '!V$5:V$1012,'PIB-Mpal 2015-2022 Corrient '!$A$5:$A$1012,$W$2,'PIB-Mpal 2015-2022 Corrient '!$E$5:$E$1012,$A47) -> 33.510405 | T47: =SUMIFS('PIB-Mpal 2015-2022 Corrient '!W$5:W$1012,'PIB-Mpal 2015-2022 Corrient '!$A$5:$A$1012,$W$2,'PIB-Mpal 2015-2022 Corrient '!$E$5:$E$1012,$A47) -> 44.220651 | U47: =SUMIFS('PIB-Mpal 2015-2022 Corrient '!X$5:X$1012,'PIB-Mpal 2015-2022 Corrient '!$A$5:$A$1012,$W$2,'PIB-Mpal 2015-2022 Corrient '!$E$5:$E$1012,$A47) -> 4.4689 | V47: =SUMIFS('PIB-Mpal 2015-2022 Corrient '!Y$5:Y$1012,'PIB-Mpal 2015-2022 Corrient '!$A$5:$A$1012,$W$2,'PIB-Mpal 2015-2022 Corrient '!$E$5:$E$1012,$A47) -> 48.689551 | W47: =V47/$V$5 -> 0.00031707297 | X47: =INDEX(POBLACION!$C$4:$W$128,MATCH(A47,POBLACION!$A$4:$A$128,0),MATCH($W$2,POBLACION!$C$3:$W$3,0)) -> 3954 | Y47: =(T47/X47)*1000000 -> 11183.776 | Z47: =(V47/X47)*1000000 -> 12313.999 | AA47: =LOG(Y47) -> 4.0485885 | AB47: =LOG(Z47) -> 4.0903991
A48: 05237 | B48: Norte | C48: A la fecha no ha conformado un Esquema Asociativo Territorial | D48: Donmatías | E48: =SUMIFS('PIB-Mpal 2015-2022 Corrient '!H$5:H$1012,'PIB-Mpal 2015-2022 Corrient '!$A$5:$A$1012,$W$2,'PIB-Mpal 2015-2022 Corrient '!$E$5:$E$1012,$A48) -> 165.71939 | F48: =SUMIFS('PIB-Mpal 2015-2022 Corrient '!I$5:I$1012,'PIB-Mpal 2015-2022 Corrient '!$A$5:$A$1012,$W$2,'PIB-Mpal 2015-2022 Corrient '!$E$5:$E$1012,$A48) -> 0 | G48: =SUMIFS('PIB-Mpal 2015-2022 Corrient '!K$5:K$1012,'PIB-Mpal 2015-2022 Corrient '!$A$5:$A$1012,$W$2,'PIB-Mpal 2015-2022 Corrient '!$E$5:$E$1012,$A48) -> 28.11098 | H48: =SUMIFS('PIB-Mpal 2015-2022 Corrient '!L$5:L$1012,'PIB-Mpal 2015-2022 Corrient '!$A$5:$A$1012,$W$2,'PIB-Mpal 2015-2022 Corrient '!$E$5:$E$1012,$A48) -> 20.776509 | I48: =SUMIFS('PIB-Mpal 2015-2022 Corrient '!N$5:N$1012,'PIB-Mpal 2015-2022 Corrient '!$A$5:$A$1012,$W$2,'PIB-Mpal 2015-2022 Corrient '!$E$5:$E$1012,$A48) -> 28.555861 | J48: =SUMIFS('PIB-Mpal 2015-2022 Corrient '!O$5:O$1012,'PIB-Mpal 2015-2022 Corrient '!$A$5:$A$1012,$W$2,'PIB-Mpal 2015-2022 Corrient '!$E$5:$E$1012,$A48) -> 77.09117 | K48: =SUMIFS('PIB-Mpal 2015-2022 Corrient '!P$5:P$1012,'PIB-Mpal 2015-2022 Corrient '!$A$5:$A$1012,$W$2,'PIB-Mpal 2015-2022 Corrient '!$E$5:$E$1012,$A48) -> 9.7451039 | L48: =SUMIFS('PIB-Mpal 2015-2022 Corrient '!Q$5:Q$1012,'PIB-Mpal 2015-2022 Corrient '!$A$5:$A$1012,$W$2,'PIB-Mpal 2015-2022 Corrient '!$E$5:$E$1012,$A48) -> 11.33584 | M48: =SUMIFS('PIB-Mpal 2015-2022 Corrient '!R$5:R$1012,'PIB-Mpal 2015-2022 Corrient '!$A$5:$A$1012,$W$2,'PIB-Mpal 2015-2022 Corrient '!$E$5:$E$1012,$A48) -> 22.052717 | N48: =SUMIFS('PIB-Mpal 2015-2022 Corrient '!S$5:S$1012,'PIB-Mpal 2015-2022 Corrient '!$A$5:$A$1012,$W$2,'PIB-Mpal 2015-2022 Corrient '!$E$5:$E$1012,$A48) -> 30.053698 | O48: =SUMIFS('PIB-Mpal 2015-2022 Corrient '!T$5:T$1012,'PIB-Mpal 2015-2022 Corrient '!$A$5:$A$1012,$W$2,'PIB-Mpal 2015-2022 Corrient '!$E$5:$E$1012,$A48) -> 28.715201 | P48: =SUMIFS('PIB-Mpal 2015-2022 Corrient '!U$5:U$1012,'PIB-Mpal 2015-2022 Corrient '!$A$5:$A$1012,$W$2,'PIB-Mpal 2015-2022 Corrient '!$E$5:$E$1012,$A48) -> 9.1814502 | Q48: =SUMIFS('PIB-Mpal 2015-2022 Corrient '!J$5:J$1012,'PIB-Mpal 2015-2022 Corrient '!$A$5:$A$1012,$W$2,'PIB-Mpal 2015-2022 Corrient '!$E$5:$E$1012,$A48) -> 165.71939 | R48: =SUMIFS('PIB-Mpal 2015-2022 Corrient '!M$5:M$1012,'PIB-Mpal 2015-2022 Corrient '!$A$5:$A$1012,$W$2,'PIB-Mpal 2015-2022 Corrient '!$E$5:$E$1012,$A48) -> 48.887489 | S48: =SUMIFS('PIB-Mpal 2015-2022 Corrient '!V$5:V$1012,'PIB-Mpal 2015-2022 Corrient '!$A$5:$A$1012,$W$2,'PIB-Mpal 2015-2022 Corrient '!$E$5:$E$1012,$A48) -> 216.73104 | T48: =SUMIFS('PIB-Mpal 2015-2022 Corrient '!W$5:W$1012,'PIB-Mpal 2015-2022 Corrient '!$A$5:$A$1012,$W$2,'PIB-Mpal 2015-2022 Corrient '!$E$5:$E$1012,$A48) -> 431.33792 | U48: =SUMIFS('PIB-Mpal 2015-2022 Corrient '!X$5:X$1012,'PIB-Mpal 2015-2022 Corrient '!$A$5:$A$1012,$W$2,'PIB-Mpal 2015-2022 Corrient '!$E$5:$E$1012,$A48) -> 43.59063 | V48: =SUMIFS('PIB-Mpal 2015-2022 Corrient '!Y$5:Y$1012,'PIB-Mpal 2015-2022 Corrient '!$A$5:$A$1012,$W$2,'PIB-Mpal 2015-2022 Corrient '!$E$5:$E$1012,$A48) -> 474.92855 | W48: =V48/$V$5 -> 0.0030927993 | X48: =INDEX(POBLACION!$C$4:$W$128,MATCH(A48,POBLACION!$A$4:$A$128,0),MATCH($W$2,POBLACION!$C$3:$W$3,0)) -> 19332 | Y48: =(T48/X48)*1000000 -> 22312.121 | Z48: =(V48/X48)*1000000 -> 24566.964 | AA48: =LOG(Y48) -> 4.3485409 | AB48: =LOG(Z48) -> 4.3903515
A49: 05264 | B49: Norte | C49: A la fecha no ha conformado un Esquema Asociativo Territorial | D49: Entrerríos | E49: =SUMIFS('PIB-Mpal 2015-2022 Corrient '!H$5:H$1012,'PIB-Mpal 2015-2022 Corrient '!$A$5:$A$1012,$W$2,'PIB-Mpal 2015-2022 Corrient '!$E$5:$E$1012,$A49) -> 74.600634 | F49: =SUMIFS('PIB-Mpal 2015-2022 Corrient '!I$5:I$1012,'PIB-Mpal 2015-2022 Corrient '!$A$5:$A$1012,$W$2,'PIB-Mpal 2015-2022 Corrient '!$E$5:$E$1012,$A49) -> 0 | G49: =SUMIFS('PIB-Mpal 2015-2022 Corrient '!K$5:K$1012,'PIB-Mpal 2015-2022 Corrient '!$A$5:$A$1012,$W$2,'PIB-Mpal 2015-2022 Corrient '!$E$5:$E$1012,$A49) -> 150.53228 | H49: =SUMIFS('PIB-Mpal 2015-2022 Corrient '!L$5:L$1012,'PIB-Mpal 2015-2022 Corrient '!$A$5:$A$1012,$W$2,'PIB-Mpal 2015-2022 Corrient '!$E$5:$E$1012,$A49) -> 52.403085 | I49: =SUMIFS('PIB-Mpal 2015-2022 Corrient '!N$5:N$1012,'PIB-Mpal 2015-2022 Corrient '!$A$5:$A$1012,$W$2,'PIB-Mpal 2015-2022 Corrient '!$E$5:$E$1012,$A49) -> 11.632158 | J49: =SUMIFS('PIB-Mpal 2015-2022 Corrient '!O$5:O$1012,'PIB-Mpal 2015-2022 Corrient '!$A$5:$A$1012,$W$2,'PIB-Mpal 2015-2022 Corrient '!$E$5:$E$1012,$A49) -> 38.752615 | K49: =SUMIFS('PIB-Mpal 2015-2022 Corrient '!P$5:P$1012,'PIB-Mpal 2015-2022 Corrient '!$A$5:$A$1012,$W$2,'PIB-Mpal 2015-2022 Corrient '!$E$5:$E$1012,$A49) -> 5.0334753 | L49: =SUMIFS('PIB-Mpal 2015-2022 Corrient '!Q$5:Q$1012,'PIB-Mpal 2015-2022 Corrient '!$A$5:$A$1012,$W$2,'PIB-Mpal 2015-2022 Corrient '!$E$5:$E$1012,$A49) -> 4.7258328 | M49: =SUMIFS('PIB-Mpal 2015-2022 Corrient '!R$5:R$1012,'PIB-Mpal 2015-2022 Corrient '!$A$5:$A$1012,$W$2,'PIB-Mpal 2015-2022 Corrient '!$E$5:$E$1012,$A49) -> 12.761166 | N49: =SUMIFS('PIB-Mpal 2015-2022 Corrient '!S$5:S$1012,'PIB-Mpal 2015-2022 Corrient '!$A$5:$A$1012,$W$2,'PIB-Mpal 2015-2022 Corrient '!$E$5:$E$1012,$A49) -> 23.784592 | O49: =SUMIFS('PIB-Mpal 2015-2022 Corrient '!T$5:T$1012,'PIB-Mpal 2015-2022 Corrient '!$A$5:$A$1012,$W$2,'PIB-Mpal 2015-2022 Corrient '!$E$5:$E$1012,$A49) -> 18.627096 | P49: =SUMIFS('PIB-Mpal 2015-2022 Corrient '!U$5:U$1012,'PIB-Mpal 2015-2022 Corrient '!$A$5:$A$1012,$W$2,'PIB-Mpal 2015-2022 Corrient '!$E$5:$E$1012,$A49) -> 5.5789387 | Q49: =SUMIFS('PIB-Mpal 2015-2022 Corrient '!J$5:J$1012,'PIB-Mpal 2015-2022 Corrient '!$A$5:$A$1012,$W$2,'PIB-Mpal 2015-2022 Corrient '!$E$5:$E$1012,$A49) -> 74.600634 | R49: =SUMIFS('PIB-Mpal 2015-2022 Corrient '!M$5:M$1012,'PIB-Mpal 2015-2022 Corrient '!$A$5:$A$1012,$W$2,'PIB-Mpal 2015-2022 Corrient '!$E$5:$E$1012,$A49) -> 202.93537 | S49: =SUMIFS('PIB-Mpal 2015-2022 Corrient '!V$5:V$1012,'PIB-Mpal 2015-2022 Corrient '!$A$5:$A$1012,$W$2,'PIB-Mpal 2015-2022 Corrient '!$E$5:$E$1012,$A49) -> 120.89587 | T49: =SUMIFS('PIB-Mpal 2015-2022 Corrient '!W$5:W$1012,'PIB-Mpal 2015-2022 Corrient '!$A$5:$A$1012,$W$2,'PIB-Mpal 2015-2022 Corrient '!$E$5:$E$1012,$A49) -> 398.43187 | U49: =SUMIFS('PIB-Mpal 2015-2022 Corrient '!X$5:X$1012,'PIB-Mpal 2015-2022 Corrient '!$A$5:$A$1012,$W$2,'PIB-Mpal 2015-2022 Corrient '!$E$5:$E$1012,$A49) -> 40.265174 | V49: =SUMIFS('PIB-Mpal 2015-2022 Corrient '!Y$5:Y$1012,'PIB-Mpal 2015-2022 Corrient '!$A$5:$A$1012,$W$2,'PIB-Mpal 2015-2022 Corrient '!$E$5:$E$1012,$A49) -> 438.69705 | W49: =V49/$V$5 -> 0.0028568548 | X49: =INDEX(POBLACION!$C$4:$W$128,MATCH(A49,POBLACION!$A$4:$A$128,0),MATCH($W$2,POBLACION!$C$3:$W$3,0)) -> 11465 | Y49: =(T49/X49)*1000000 -> 34752.017 | Z49: =(V49/X49)*1000000 -> 38264.025 | AA49: =LOG(Y49) -> 4.54098 | AB49: =LOG(Z49) -> 4.5827907
A50: 05310 | B50: Norte | C50: A la fecha no ha conformado un Esquema Asociativo Territorial | D50: Gómez Plata | E50: =SUMIFS('PIB-Mpal 2015-2022 Corrient '!H$5:H$1012,'PIB-Mpal 2015-2022 Corrient '!$A$5:$A$1012,$W$2,'PIB-Mpal 2015-2022 Corrient '!$E$5:$E$1012,$A50) -> 26.310643 | F50: =SUMIFS('PIB-Mpal 2015-2022 Corrient '!I$5:I$1012,'PIB-Mpal 2015-2022 Corrient '!$A$5:$A$1012,$W$2,'PIB-Mpal 2015-2022 Corrient '!$E$5:$E$1012,$A50) -> 1.1615964 | G50: =SUMIFS('PIB-Mpal 2015-2022 Corrient '!K$5:K$1012,'PIB-Mpal 2015-2022 Corrient '!$A$5:$A$1012,$W$2,'PIB-Mpal 2015-2022 Corrient '!$E$5:$E$1012,$A50) -> 14.713293 | H50: =SUMIFS('PIB-Mpal 2015-2022 Corrient '!L$5:L$1012,'PIB-Mpal 2015-2022 Corrient '!$A$5:$A$1012,$W$2,'PIB-Mpal 2015-2022 Corrient '!$E$5:$E$1012,$A50) -> 14.808307 | I50: =SUMIFS('PIB-Mpal 2015-2022 Corrient '!N$5:N$1012,'PIB-Mpal 2015-2022 Corrient '!$A$5:$A$1012,$W$2,'PIB-Mpal 2015-2022 Corrient '!$E$5:$E$1012,$A50) -> 29.516118 | J50: =SUMIFS('PIB-Mpal 2015-2022 Corrient '!O$5:O$1012,'PIB-Mpal 2015-2022 Corrient '!$A$5:$A$1012,$W$2,'PIB-Mpal 2015-2022 Corrient '!$E$5:$E$1012,$A50) -> 55.044358 | K50: =SUMIFS('PIB-Mpal 2015-2022 Corrient '!P$5:P$1012,'PIB-Mpal 2015-2022 Corrient '!$A$5:$A$1012,$W$2,'PIB-Mpal 2015-2022 Corrient '!$E$5:$E$1012,$A50) -> 14.187379 | L50: =SUMIFS('PIB-Mpal 2015-2022 Corrient '!Q$5:Q$1012,'PIB-Mpal 2015-2022 Corrient '!$A$5:$A$1012,$W$2,'PIB-Mpal 2015-2022 Corrient '!$E$5:$E$1012,$A50) -> 6.4972484 | M50: =SUMIFS('PIB-Mpal 2015-2022 Corrient '!R$5:R$1012,'PIB-Mpal 2015-2022 Corrient '!$A$5:$A$1012,$W$2,'PIB-Mpal 2015-2022 Corrient '!$E$5:$E$1012,$A50) -> 35.950941 | N50: =SUMIFS('PIB-Mpal 2015-2022 Corrient '!S$5:S$1012,'PIB-Mpal 2015-2022 Corrient '!$A$5:$A$1012,$W$2,'PIB-Mpal 2015-2022 Corrient '!$E$5:$E$1012,$A50) -> 46.819383 | O50: =SUMIFS('PIB-Mpal 2015-2022 Corrient '!T$5:T$1012,'PIB-Mpal 2015-2022 Corrient '!$A$5:$A$1012,$W$2,'PIB-Mpal 2015-2022 Corrient '!$E$5:$E$1012,$A50) -> 87.840007 | P50: =SUMIFS('PIB-Mpal 2015-2022 Corrient '!U$5:U$1012,'PIB-Mpal 2015-2022 Corrient '!$A$5:$A$1012,$W$2,'PIB-Mpal 2015-2022 Corrient '!$E$5:$E$1012,$A50) -> 17.233799 | Q50: =SUMIFS('PIB-Mpal 2015-2022 Corrient '!J$5:J$1012,'PIB-Mpal 2015-2022 Corrient '!$A$5:$A$1012,$W$2,'PIB-Mpal 2015-2022 Corrient '!$E$5:$E$1012,$A50) -> 27.472239 | R50: =SUMIFS('PIB-Mpal 2015-2022 Corrient '!M$5:M$1012,'PIB-Mpal 2015-2022 Corrient '!$A$5:$A$1012,$W$2,'PIB-Mpal 2015-2022 Corrient '!$E$5:$E$1012,$A50) -> 29.5216 | S50: =SUMIFS('PIB-Mpal 2015-2022 Corrient '!V$5:V$1012,'PIB-Mpal 2015-2022 Corrient '!$A$5:$A$1012,$W$2,'PIB-Mpal 2015-2022 Corrient '!$E$5:$E$1012,$A50) -> 293.08923 | T50: =SUMIFS('PIB-Mpal 2015-2022 Corrient '!W$5:W$1012,'PIB-Mpal 2015-2022 Corrient '!$A$5:$A$1012,$W$2,'PIB-Mpal 2015-2022 Corrient '!$E$5:$E$1012,$A50) -> 350.08307 | U50: =SUMIFS('PIB-Mpal 2015-2022 Corrient '!X$5:X$1012,'PIB-Mpal 2015-2022 Corrient '!$A$5:$A$1012,$W$2,'PIB-Mpal 2015-2022 Corrient '!$E$5:$E$1012,$A50) -> 35.379087 | V50: =SUMIFS('PIB-Mpal 2015-2022 Corrient '!Y$5:Y$1012,'PIB-Mpal 2015-2022 Corrient '!$A$5:$A$1012,$W$2,'PIB-Mpal 2015-2022 Corrient '!$E$5:$E$1012,$A50) -> 385.46216 | W50: =V50/$V$5 -> 0.002510182 | X50: =INDEX(POBLACION!$C$4:$W$128,MATCH(A50,POBLACION!$A$4:$A$128,0),MATCH($W$2,POBLACION!$C$3:$W$3,0)) -> 9828 | Y50: =(T50/X50)*1000000 -> 35620.988 | Z50: =(V50/X50)*1000000 -> 39220.814 | AA50: =LOG(Y50) -> 4.551706 | AB50: =LOG(Z50) -> 4.5935166
A51: 05315 | B51: Norte | C51: A la fecha no ha conformado un Esquema Asociativo Territorial | D51: Guadalupe | E51: =SUMIFS('PIB-Mpal 2015-2022 Corrient '!H$5:H$1012,'PIB-Mpal 2015-2022 Corrient '!$A$5:$A$1012,$W$2,'PIB-Mpal 2015-2022 Corrient '!$E$5:$E$1012,$A51) -> 7.5452652 | F51: =SUMIFS('PIB-Mpal 2015-2022 Corrient '!I$5:I$1012,'PIB-Mpal 2015-2022 Corrient '!$A$5:$A$1012,$W$2,'PIB-Mpal 2015-2022 Corrient '!$E$5:$E$1012,$A51) -> 0 | G51: =SUMIFS('PIB-Mpal 2015-2022 Corrient '!K$5:K$1012,'PIB-Mpal 2015-2022 Corrient '!$A$5:$A$1012,$W$2,'PIB-Mpal 2015-2022 Corrient '!$E$5:$E$1012,$A51) -> 0.20312071 | H51: =SUMIFS('PIB-Mpal 2015-2022 Corrient '!L$5:L$1012,'PIB-Mpal 2015-2022 Corrient '!$A$5:$A$1012,$W$2,'PIB-Mpal 2015-2022 Corrient '!$E$5:$E$1012,$A51) -> 6.138147 | I51: =SUMIFS('PIB-Mpal 2015-2022 Corrient '!N$5:N$1012,'PIB-Mpal 2015-2022 Corrient '!$A$5:$A$1012,$W$2,'PIB-Mpal 2015-2022 Corrient '!$E$5:$E$1012,$A51) -> 32.672737 | J51: =SUMIFS('PIB-Mpal 2015-2022 Corrient '!O$5:O$1012,'PIB-Mpal 2015-2022 Corrient '!$A$5:$A$1012,$W$2,'PIB-Mpal 2015-2022 Corrient '!$E$5:$E$1012,$A51) -> 3.6555895 | K51: =SUMIFS('PIB-Mpal 2015-2022 Corrient '!P$5:P$1012,'PIB-Mpal 2015-2022 Corrient '!$A$5:$A$1012,$W$2,'PIB-Mpal 2015-2022 Corrient '!$E$5:$E$1012,$A51) -> 1.0872306 | L51: =SUMIFS('PIB-Mpal 2015-2022 Corrient '!Q$5:Q$1012,'PIB-Mpal 2015-2022 Corrient '!$A$5:$A$1012,$W$2,'PIB-Mpal 2015-2022 Corrient '!$E$5:$E$1012,$A51) -> 0.62922402 | M51: =SUMIFS('PIB-Mpal 2015-2022 Corrient '!R$5:R$1012,'PIB-Mpal 2015-2022 Corrient '!$A$5:$A$1012,$W$2,'PIB-Mpal 2015-2022 Corrient '!$E$5:$E$1012,$A51) -> 1.6280997 | N51: =SUMIFS('PIB-Mpal 2015-2022 Corrient '!S$5:S$1012,'PIB-Mpal 2015-2022 Corrient '!$A$5:$A$1012,$W$2,'PIB-Mpal 2015-2022 Corrient '!$E$5:$E$1012,$A51) -> 5.1329926 | O51: =SUMIFS('PIB-Mpal 2015-2022 Corrient '!T$5:T$1012,'PIB-Mpal 2015-2022 Corrient '!$A$5:$A$1012,$W$2,'PIB-Mpal 2015-2022 Corrient '!$E$5:$E$1012,$A51) -> 8.4380182 | P51: =SUMIFS('PIB-Mpal 2015-2022 Corrient '!U$5:U$1012,'PIB-Mpal 2015-2022 Corrient '!$A$5:$A$1012,$W$2,'PIB-Mpal 2015-2022 Corrient '!$E$5:$E$1012,$A51) -> 1.2445407 | Q51: =SUMIFS('PIB-Mpal 2015-2022 Corrient '!J$5:J$1012,'PIB-Mpal 2015-2022 Corrient '!$A$5:$A$1012,$W$2,'PIB-Mpal 2015-2022 Corrient '!$E$5:$E$1012,$A51) -> 7.5452652 | R51: =SUMIFS('PIB-Mpal 2015-2022 Corrient '!M$5:M$1012,'PIB-Mpal 2015-2022 Corrient '!$A$5:$A$1012,$W$2,'PIB-Mpal 2015-2022 Corrient '!$E$5:$E$1012,$A51) -> 6.3412677 | S51: =SUMIFS('PIB-Mpal 2015-2022 Corrient '!V$5:V$1012,'PIB-Mpal 2015-2022 Corrient '!$A$5:$A$1012,$W$2,'PIB-Mpal 2015-2022 Corrient '!$E$5:$E$1012,$A51) -> 54.488432 | T51: =SUMIFS('PIB-Mpal 2015-2022 Corrient '!W$5:W$1012,'PIB-Mpal 2015-2022 Corrient '!$A$5:$A$1012,$W$2,'PIB-Mpal 2015-2022 Corrient '!$E$5:$E$1012,$A51) -> 68.374965 | U51: =SUMIFS('PIB-Mpal 2015-2022 Corrient '!X$5:X$1012,'PIB-Mpal 2015-2022 Corrient '!$A$5:$A$1012,$W$2,'PIB-Mpal 2015-2022 Corrient '!$E$5:$E$1012,$A51) -> 6.9099138 | V51: =SUMIFS('PIB-Mpal 2015-2022 Corrient '!Y$5:Y$1012,'PIB-Mpal 2015-2022 Corrient '!$A$5:$A$1012,$W$2,'PIB-Mpal 2015-2022 Corrient '!$E$5:$E$1012,$A51) -> 75.284879 | W51: =V51/$V$5 -> 0.00049026536 | X51: =INDEX(POBLACION!$C$4:$W$128,MATCH(A51,POBLACION!$A$4:$A$128,0),MATCH($W$2,POBLACION!$C$3:$W$3,0)) -> 6607 | Y51: =(T51/X51)*1000000 -> 10348.867 | Z51: =(V51/X51)*1000000 -> 11394.715 | AA51: =LOG(Y51) -> 4.0148928 | AB51: =LOG(Z51) -> 4.0567035
A52: 05361 | B52: Norte | C52: A la fecha no ha conformado un Esquema Asociativo Territorial | D52: Ituango | E52: =SUMIFS('PIB-Mpal 2015-2022 Corrient '!H$5:H$1012,'PIB-Mpal 2015-2022 Corrient '!$A$5:$A$1012,$W$2,'PIB-Mpal 2015-2022 Corrient '!$E$5:$E$1012,$A52) -> 43.89383 | F52: =SUMIFS('PIB-Mpal 2015-2022 Corrient '!I$5:I$1012,'PIB-Mpal 2015-2022 Corrient '!$A$5:$A$1012,$W$2,'PIB-Mpal 2015-2022 Corrient '!$E$5:$E$1012,$A52) -> 0 | G52: =SUMIFS('PIB-Mpal 2015-2022 Corrient '!K$5:K$1012,'PIB-Mpal 2015-2022 Corrient '!$A$5:$A$1012,$W$2,'PIB-Mpal 2015-2022 Corrient '!$E$5:$E$1012,$A52) -> 6.0311934 | H52: =SUMIFS('PIB-Mpal 2015-2022 Corrient '!L$5:L$1012,'PIB-Mpal 2015-2022 Corrient '!$A$5:$A$1012,$W$2,'PIB-Mpal 2015-2022 Corrient '!$E$5:$E$1012,$A52) -> 14.941614 | I52: =SUMIFS('PIB-Mpal 2015-2022 Corrient '!N$5:N$1012,'PIB-Mpal 2015-2022 Corrient '!$A$5:$A$1012,$W$2,'PIB-Mpal 2015-2022 Corrient '!$E$5:$E$1012,$A52) -> 10.316214 | J52: =SUMIFS('PIB-Mpal 2015-2022 Corrient '!O$5:O$1012,'PIB-Mpal 2015-2022 Corrient '!$A$5:$A$1012,$W$2,'PIB-Mpal 2015-2022 Corrient '!$E$5:$E$1012,$A52) -> 33.064437 | K52: =SUMIFS('PIB-Mpal 2015-2022 Corrient '!P$5:P$1012,'PIB-Mpal 2015-2022 Corrient '!$A$5:$A$1012,$W$2,'PIB-Mpal 2015-2022 Corrient '!$E$5:$E$1012,$A52) -> 10.195367 | L52: =SUMIFS('PIB-Mpal 2015-2022 Corrient '!Q$5:Q$1012,'PIB-Mpal 2015-2022 Corrient '!$A$5:$A$1012,$W$2,'PIB-Mpal 2015-2022 Corrient '!$E$5:$E$1012,$A52) -> 5.1538232 | M52: =SUMIFS('PIB-Mpal 2015-2022 Corrient '!R$5:R$1012,'PIB-Mpal 2015-2022 Corrient '!$A$5:$A$1012,$W$2,'PIB-Mpal 2015-2022 Corrient '!$E$5:$E$1012,$A52) -> 17.553702 | N52: =SUMIFS('PIB-Mpal 2015-2022 Corrient '!S$5:S$1012,'PIB-Mpal 2015-2022 Corrient '!$A$5:$A$1012,$W$2,'PIB-Mpal 2015-2022 Corrient '!$E$5:$E$1012,$A52) -> 29.716084 | O52: =SUMIFS('PIB-Mpal 2015-2022 Corrient '!T$5:T$1012,'PIB-Mpal 2015-2022 Corrient '!$A$5:$A$1012,$W$2,'PIB-Mpal 2015-2022 Corrient '!$E$5:$E$1012,$A52) -> 72.448164 | P52: =SUMIFS('PIB-Mpal 2015-2022 Corrient '!U$5:U$1012,'PIB-Mpal 2015-2022 Corrient '!$A$5:$A$1012,$W$2,'PIB-Mpal 2015-2022 Corrient '!$E$5:$E$1012,$A52) -> 7.6002739 | Q52: =SUMIFS('PIB-Mpal 2015-2022 Corrient '!J$5:J$1012,'PIB-Mpal 2015-2022 Corrient '!$A$5:$A$1012,$W$2,'PIB-Mpal 2015-2022 Corrient '!$E$5:$E$1012,$A52) -> 43.89383 | R52: =SUMIFS('PIB-Mpal 2015-2022 Corrient '!M$5:M$1012,'PIB-Mpal 2015-2022 Corrient '!$A$5:$A$1012,$W$2,'PIB-Mpal 2015-2022 Corrient '!$E$5:$E$1012,$A52) -> 20.972807 | S52: =SUMIFS('PIB-Mpal 2015-2022 Corrient '!V$5:V$1012,'PIB-Mpal 2015-2022 Corrient '!$A$5:$A$1012,$W$2,'PIB-Mpal 2015-2022 Corrient '!$E$5:$E$1012,$A52) -> 186.04807 | T52: =SUMIFS('PIB-Mpal 2015-2022 Corrient '!W$5:W$1012,'PIB-Mpal 2015-2022 Corrient '!$A$5:$A$1012,$W$2,'PIB-Mpal 2015-2022 Corrient '!$E$5:$E$1012,$A52) -> 250.9147 | U52: =SUMIFS('PIB-Mpal 2015-2022 Corrient '!X$5:X$1012,'PIB-Mpal 2015-2022 Corrient '!$A$5:$A$1012,$W$2,'PIB-Mpal 2015-2022 Corrient '!$E$5:$E$1012,$A52) -> 25.357219 | V52: =SUMIFS('PIB-Mpal 2015-2022 Corrient '!Y$5:Y$1012,'PIB-Mpal 2015-2022 Corrient '!$A$5:$A$1012,$W$2,'PIB-Mpal 2015-2022 Corrient '!$E$5:$E$1012,$A52) -> 276.27192 | W52: =V52/$V$5 -> 0.0017991203 | X52: =INDEX(POBLACION!$C$4:$W$128,MATCH(A52,POBLACION!$A$4:$A$128,0),MATCH($W$2,POBLACION!$C$3:$W$3,0)) -> 27419 | Y52: =(T52/X52)*1000000 -> 9151.1252 | Z52: =(V52/X52)*1000000 -> 10075.93 | AA52: =LOG(Y52) -> 3.9614745 | AB52: =LOG(Z52) -> 4.0032851
A53: 05647 | B53: Norte | C53: A la fecha no ha conformado un Esquema Asociativo Territorial | D53: San Andrés de Cuerquia | E53: =SUMIFS('PIB-Mpal 2015-2022 Corrient '!H$5:H$1012,'PIB-Mpal 2015-2022 Corrient '!$A$5:$A$1012,$W$2,'PIB-Mpal 2015-2022 Corrient '!$E$5:$E$1012,$A53) -> 16.708859 | F53: =SUMIFS('PIB-Mpal 2015-2022 Corrient '!I$5:I$1012,'PIB-Mpal 2015-2022 Corrient '!$A$5:$A$1012,$W$2,'PIB-Mpal 2015-2022 Corrient '!$E$5:$E$1012,$A53) -> 0 | G53: =SUMIFS('PIB-Mpal 2015-2022 Corrient '!K$5:K$1012,'PIB-Mpal 2015-2022 Corrient '!$A$5:$A$1012,$W$2,'PIB-Mpal 2015-2022 Corrient '!$E$5:$E$1012,$A53) -> 0.66302055 | H53: =SUMIFS('PIB-Mpal 2015-2022 Corrient '!L$5:L$1012,'PIB-Mpal 2015-2022 Corrient '!$A$5:$A$1012,$W$2,'PIB-Mpal 2015-2022 Corrient '!$E$5:$E$1012,$A53) -> 5.6678014 | I53: =SUMIFS('PIB-Mpal 2015-2022 Corrient '!N$5:N$1012,'PIB-Mpal 2015-2022 Corrient '!$A$5:$A$1012,$W$2,'PIB-Mpal 2015-2022 Corrient '!$E$5:$E$1012,$A53) -> 2.1997622 | J53: =SUMIFS('PIB-Mpal 2015-2022 Corrient '!O$5:O$1012,'PIB-Mpal 2015-2022 Corrient '!$A$5:$A$1012,$W$2,'PIB-Mpal 2015-2022 Corrient '!$E$5:$E$1012,$A53) -> 7.6531183 | K53: =SUMIFS('PIB-Mpal 2015-2022 Corrient '!P$5:P$1012,'PIB-Mpal 2015-2022 Corrient '!$A$5:$A$1012,$W$2,'PIB-Mpal 2015-2022 Corrient '!$E$5:$E$1012,$A53) -> 2.6505947 | L53: =SUMIFS('PIB-Mpal 2015-2022 Corrient '!Q$5:Q$1012,'PIB-Mpal 2015-2022 Corrient '!$A$5:$A$1012,$W$2,'PIB-Mpal 2015-2022 Corrient '!$E$5:$E$1012,$A53) -> 2.1859463 | M53: =SUMIFS('PIB-Mpal 2015-2022 Corrient '!R$5:R$1012,'PIB-Mpal 2015-2022 Corrient '!$A$5:$A$1012,$W$2,'PIB-Mpal 2015-2022 Corrient '!$E$5:$E$1012,$A53) -> 8.2016727 | N53: =SUMIFS('PIB-Mpal 2015-2022 Corrient '!S$5:S$1012,'PIB-Mpal 2015-2022 Corrient '!$A$5:$A$1012,$W$2,'PIB-Mpal 2015-2022 Corrient '!$E$5:$E$1012,$A53) -> 8.1224462 | O53: =SUMIFS('PIB-Mpal 2015-2022 Corrient '!T$5:T$1012,'PIB-Mpal 2015-2022 Corrient '!$A$5:$A$1012,$W$2,'PIB-Mpal 2015-2022 Corrient '!$E$5:$E$1012,$A53) -> 18.894497 | P53: =SUMIFS('PIB-Mpal 2015-2022 Corrient '!U$5:U$1012,'PIB-Mpal 2015-2022 Corrient '!$A$5:$A$1012,$W$2,'PIB-Mpal 2015-2022 Corrient '!$E$5:$E$1012,$A53) -> 2.9378283 | Q53: =SUMIFS('PIB-Mpal 2015-2022 Corrient '!J$5:J$1012,'PIB-Mpal 2015-2022 Corrient '!$A$5:$A$1012,$W$2,'PIB-Mpal 2015-2022 Corrient '!$E$5:$E$1012,$A53) -> 16.708859 | R53: =SUMIFS('PIB-Mpal 2015-2022 Corrient '!M$5:M$1012,'PIB-Mpal 2015-2022 Corrient '!$A$5:$A$1012,$W$2,'PIB-Mpal 2015-2022 Corrient '!$E$5:$E$1012,$A53) -> 6.330822 | S53: =SUMIFS('PIB-Mpal 2015-2022 Corrient '!V$5:V$1012,'PIB-Mpal 2015-2022 Corrient '!$A$5:$A$1012,$W$2,'PIB-Mpal 2015-2022 Corrient '!$E$5:$E$1012,$A53) -> 52.845866 | T53: =SUMIFS('PIB-Mpal 2015-2022 Corrient '!W$5:W$1012,'PIB-Mpal 2015-2022 Corrient '!$A$5:$A$1012,$W$2,'PIB-Mpal 2015-2022 Corrient '!$E$5:$E$1012,$A53) -> 75.885547 | U53: =SUMIFS('PIB-Mpal 2015-2022 Corrient '!X$5:X$1012,'PIB-Mpal 2015-2022 Corrient '!$A$5:$A$1012,$W$2,'PIB-Mpal 2015-2022 Corrient '!$E$5:$E$1012,$A53) -> 7.6689265 | V53: =SUMIFS('PIB-Mpal 2015-2022 Corrient '!Y$5:Y$1012,'PIB-Mpal 2015-2022 Corrient '!$A$5:$A$1012,$W$2,'PIB-Mpal 2015-2022 Corrient '!$E$5:$E$1012,$A53) -> 83.554473 | W53: =V53/$V$5 -> 0.00054411809 | X53: =INDEX(POBLACION!$C$4:$W$128,MATCH(A53,POBLACION!$A$4:$A$128,0),MATCH($W$2,POBLACION!$C$3:$W$3,0)) -> 7240 | Y53: =(T53/X53)*1000000 -> 10481.429 | Z53: =(V53/X53)*1000000 -> 11540.673 | AA53: =LOG(Y53) -> 4.0204205 | AB53: =LOG(Z53) -> 4.0622311
A54: 05658 | B54: Norte | C54: A la fecha no ha conformado un Esquema Asociativo Territorial | D54: San José de la Montaña | E54: =SUMIFS('PIB-Mpal 2015-2022 Corrient '!H$5:H$1012,'PIB-Mpal 2015-2022 Corrient '!$A$5:$A$1012,$W$2,'PIB-Mpal 2015-2022 Corrient '!$E$5:$E$1012,$A54) -> 4.2463869 | F54: =SUMIFS('PIB-Mpal 2015-2022 Corrient '!I$5:I$1012,'PIB-Mpal 2015-2022 Corrient '!$A$5:$A$1012,$W$2,'PIB-Mpal 2015-2022 Corrient '!$E$5:$E$1012,$A54) -> 0 | G54: =SUMIFS('PIB-Mpal 2015-2022 Corrient '!K$5:K$1012,'PIB-Mpal 2015-2022 Corrient '!$A$5:$A$1012,$W$2,'PIB-Mpal 2015-2022 Corrient '!$E$5:$E$1012,$A54) -> 1.3729094 | H54: =SUMIFS('PIB-Mpal 2015-2022 Corrient '!L$5:L$1012,'PIB-Mpal 2015-2022 Corrient '!$A$5:$A$1012,$W$2,'PIB-Mpal 2015-2022 Corrient '!$E$5:$E$1012,$A54) -> 2.0516489 | I54: =SUMIFS('PIB-Mpal 2015-2022 Corrient '!N$5:N$1012,'PIB-Mpal 2015-2022 Corrient '!$A$5:$A$1012,$W$2,'PIB-Mpal 2015-2022 Corrient '!$E$5:$E$1012,$A54) -> 3.3496131 | J54: =SUMIFS('PIB-Mpal 2015-2022 Corrient '!O$5:O$1012,'PIB-Mpal 2015-2022 Corrient '!$A$5:$A$1012,$W$2,'PIB-Mpal 2015-2022 Corrient '!$E$5:$E$1012,$A54) -> 6.3772089 | K54: =SUMIFS('PIB-Mpal 2015-2022 Corrient '!P$5:P$1012,'PIB-Mpal 2015-2022 Corrient '!$A$5:$A$1012,$W$2,'PIB-Mpal 2015-2022 Corrient '!$E$5:$E$1012,$A54) -> 1.4219889 | L54: =SUMIFS('PIB-Mpal 2015-2022 Corrient '!Q$5:Q$1012,'PIB-Mpal 2015-2022 Corrient '!$A$5:$A$1012,$W$2,'PIB-Mpal 2015-2022 Corrient '!$E$5:$E$1012,$A54) -> 0.90990199 | M54: =SUMIFS('PIB-Mpal 2015-2022 Corrient '!R$5:R$1012,'PIB-Mpal 2015-2022 Corrient '!$A$5:$A$1012,$W$2,'PIB-Mpal 2015-2022 Corrient '!$E$5:$E$1012,$A54) -> 3.1386724 | N54: =SUMIFS('PIB-Mpal 2015-2022 Corrient '!S$5:S$1012,'PIB-Mpal 2015-2022 Corrient '!$A$5:$A$1012,$W$2,'PIB-Mpal 2015-2022 Corrient '!$E$5:$E$1012,$A54) -> 4.6029523 | O54: =SUMIFS('PIB-Mpal 2015-2022 Corrient '!T$5:T$1012,'PIB-Mpal 2015-2022 Corrient '!$A$5:$A$1012,$W$2,'PIB-Mpal 2015-2022 Corrient '!$E$5:$E$1012,$A54) -> 9.3496243 | P54: =SUMIFS('PIB-Mpal 2015-2022 Corrient '!U$5:U$1012,'PIB-Mpal 2015-2022 Corrient '!$A$5:$A$1012,$W$2,'PIB-Mpal 2015-2022 Corrient '!$E$5:$E$1012,$A54) -> 1.9509545 | Q54: =SUMIFS('PIB-Mpal 2015-2022 Corrient '!J$5:J$1012,'PIB-Mpal 2015-2022 Corrient '!$A$5:$A$1012,$W$2,'PIB-Mpal 2015-2022 Corrient '!$E$5:$E$1012,$A54) -> 4.2463869 | R54: =SUMIFS('PIB-Mpal 2015-2022 Corrient '!M$5:M$1012,'PIB-Mpal 2015-2022 Corrient '!$A$5:$A$1012,$W$2,'PIB-Mpal 2015-2022 Corrient '!$E$5:$E$1012,$A54) -> 3.4245583 | S54: =SUMIFS('PIB-Mpal 2015-2022 Corrient '!V$5:V$1012,'PIB-Mpal 2015-2022 Corrient '!$A$5:$A$1012,$W$2,'PIB-Mpal 2015-2022 Corrient '!$E$5:$E$1012,$A54) -> 31.100917 | T54: =SUMIFS('PIB-Mpal 2015-2022 Corrient '!W$5:W$1012,'PIB-Mpal 2015-2022 Corrient '!$A$5:$A$1012,$W$2,'PIB-Mpal 2015-2022 Corrient '!$E$5:$E$1012,$A54) -> 38.771862 | U54: =SUMIFS('PIB-Mpal 2015-2022 Corrient '!X$5:X$1012,'PIB-Mpal 2015-2022 Corrient '!$A$5:$A$1012,$W$2,'PIB-Mpal 2015-2022 Corrient '!$E$5:$E$1012,$A54) -> 3.9182502 | V54: =SUMIFS('PIB-Mpal 2015-2022 Corrient '!Y$5:Y$1012,'PIB-Mpal 2015-2022 Corrient '!$A$5:$A$1012,$W$2,'PIB-Mpal 2015-2022 Corrient '!$E$5:$E$1012,$A54) -> 42.690112 | W54: =V54/$V$5 -> 0.00027800381 | X54: =INDEX(POBLACION!$C$4:$W$128,MATCH(A54,POBLACION!$A$4:$A$128,0),MATCH($W$2,POBLACION!$C$3:$W$3,0)) -> 3706 | Y54: =(T54/X54)*1000000 -> 10461.916 | Z54: =(V54/X54)*1000000 -> 11519.188 | AA54: =LOG(Y54) -> 4.0196112 | AB54: =LOG(Z54) -> 4.0614219
... A59: 05887 | B59: Norte | C59: A la fecha no ha conformado un Esquema Asociativo Territorial | D59: Yarumal | E59: =SUMIFS('PIB-Mpal 2015-2022 Corrient '!H$5:H$1012,'PIB-Mpal 2015-2022 Corrient '!$A$5:$A$1012,$W$2,'PIB-Mpal 2015-2022 Corrient '!$E$5:$E$1012,$A59) -> 52.027871 | F59: =SUMIFS('PIB-Mpal 2015-2022 Corrient '!I$5:I$1012,'PIB-Mpal 2015-2022 Corrient '!$A$5:$A$1012,$W$2,'PIB-Mpal 2015-2022 Corrient '!$E$5:$E$1012,$A59) -> 1.2857895 | G59: =SUMIFS('PIB-Mpal 2015-2022 Corrient '!K$5:K$1012,'PIB-Mpal 2015-2022 Corrient '!$A$5:$A$1012,$W$2,'PIB-Mpal 2015-2022 Corrient '!$E$5:$E$1012,$A59) -> 82.265858 | H59: =SUMIFS('PIB-Mpal 2015-2022 Corrient '!L$5:L$1012,'PIB-Mpal 2015-2022 Corrient '!$A$5:$A$1012,$W$2,'PIB-Mpal 2015-2022 Corrient '!$E$5:$E$1012,$A59) -> 53.543182 | I59: =SUMIFS('PIB-Mpal 2015-2022 Corrient '!N$5:N$1012,'PIB-Mpal 2015-2022 Corrient '!$A$5:$A$1012,$W$2,'PIB-Mpal 2015-2022 Corrient '!$E$5:$E$1012,$A59) -> 27.924733 | J59: =SUMIFS('PIB-Mpal 2015-2022 Corrient '!O$5:O$1012,'PIB-Mpal 2015-2022 Corrient '!$A$5:$A$1012,$W$2,'PIB-Mpal 2015-2022 Corrient '!$E$5:$E$1012,$A59) -> 123.23154 | K59: =SUMIFS('PIB-Mpal 2015-2022 Corrient '!P$5:P$1012,'PIB-Mpal 2015-2022 Corrient '!$A$5:$A$1012,$W$2,'PIB-Mpal 2015-2022 Corrient '!$E$5:$E$1012,$A59) -> 20.583943 | L59: =SUMIFS('PIB-Mpal 2015-2022 Corrient '!Q$5:Q$1012,'PIB-Mpal 2015-2022 Corrient '!$A$5:$A$1012,$W$2,'PIB-Mpal 2015-2022 Corrient '!$E$5:$E$1012,$A59) -> 21.568411 | M59: =SUMIFS('PIB-Mpal 2015-2022 Corrient '!R$5:R$1012,'PIB-Mpal 2015-2022 Corrient '!$A$5:$A$1012,$W$2,'PIB-Mpal 2015-2022 Corrient '!$E$5:$E$1012,$A59) -> 44.689641 | N59: =SUMIFS('PIB-Mpal 2015-2022 Corrient '!S$5:S$1012,'PIB-Mpal 2015-2022 Corrient '!$A$5:$A$1012,$W$2,'PIB-Mpal 2015-2022 Corrient '!$E$5:$E$1012,$A59) -> 60.304492 | O59: =SUMIFS('PIB-Mpal 2015-2022 Corrient '!T$5:T$1012,'PIB-Mpal 2015-2022 Corrient '!$A$5:$A$1012,$W$2,'PIB-Mpal 2015-2022 Corrient '!$E$5:$E$1012,$A59) -> 106.48366 | P59: =SUMIFS('PIB-Mpal 2015-2022 Corrient '!U$5:U$1012,'PIB-Mpal 2015-2022 Corrient '!$A$5:$A$1012,$W$2,'PIB-Mpal 2015-2022 Corrient '!$E$5:$E$1012,$A59) -> 17.392916 | Q59: =SUMIFS('PIB-Mpal 2015-2022 Corrient '!J$5:J$1012,'PIB-Mpal 2015-2022 Corrient '!$A$5:$A$1012,$W$2,'PIB-Mpal 2015-2022 Corrient '!$E$5:$E$1012,$A59) -> 53.31366 | R59: =SUMIFS('PIB-Mpal 2015-2022 Corrient '!M$5:M$1012,'PIB-Mpal 2015-2022 Corrient '!$A$5:$A$1012,$W$2,'PIB-Mpal 2015-2022 Corrient '!$E$5:$E$1012,$A59) -> 135.80904 | S59: =SUMIFS('PIB-Mpal 2015-2022 Corrient '!V$5:V$1012,'PIB-Mpal 2015-2022 Corrient '!$A$5:$A$1012,$W$2,'PIB-Mpal 2015-2022 Corrient '!$E$5:$E$1012,$A59) -> 422.17934 | T59: =SUMIFS('PIB-Mpal 2015-2022 Corrient '!W$5:W$1012,'PIB-Mpal 2015-2022 Corrient '!$A$5:$A$1012,$W$2,'PIB-Mpal 2015-2022 Corrient '!$E$5:$E$1012,$A59) -> 611.30204 | U59: =SUMIFS('PIB-Mpal 2015-2022 Corrient '!X$5:X$1012,'PIB-Mpal 2015-2022 Corrient '!$A$5:$A$1012,$W$2,'PIB-Mpal 2015-2022 Corrient '!$E$5:$E$1012,$A59) -> 61.777646 | V59: =SUMIFS('PIB-Mpal 2015-2022 Corrient '!Y$5:Y$1012,'PIB-Mpal 2015-2022 Corrient '!$A$5:$A$1012,$W$2,'PIB-Mpal 2015-2022 Corrient '!$E$5:$E$1012,$A59) -> 673.07968 | W59: =V59/$V$5 -> 0.0043831864 | X59: =INDEX(POBLACION!$C$4:$W$128,MATCH(A59,POBLACION!$A$4:$A$128,0),MATCH($W$2,POBLACION!$C$3:$W$3,0)) -> 42116 | Y59: =(T59/X59)*1000000 -> 14514.722 | Z59: =(V59/X59)*1000000 -> 15981.567 | AA59: =LOG(Y59) -> 4.1618087 | AB59: =LOG(Z59) -> 4.2036194
A60: SR06 | B60: Total Occidente | E60: =SUM(E61:E79) -> 623.30077 | F60: =SUM(F61:F79) -> 46.920318 | G60: =SUM(G61:G79) -> 44.742348 | H60: =SUM(H61:H79) -> 181.13397 | I60: =SUM(I61:I79) -> 108.97807 | J60: =SUM(J61:J79) -> 424.89842 | K60: =SUM(K61:K79) -> 78.491275 | L60: =SUM(L61:L79) -> 55.254422 | ... V60: =SUM(V61:V79) -> 2884.2579 | W60: =V60/$V$5 -> 0.018782679 | X60: =SUM(X61:X79) -> 210371 | Y60: =(T60/X60)*1000000 -> 12451.956 | Z60: =(V60/X60)*1000000 -> 13710.34 | AA60: =LOG(Y60) -> 4.0952376 | AB60: =LOG(Z60) -> 4.1370482
A61: 05004 | B61: Occidente | C61: Región de Planeación y Gestión de Occidente - RPG | D61: Abriaquí | E61: =SUMIFS('PIB-Mpal 2015-2022 Corrient '!H$5:H$1012,'PIB-Mpal 2015-2022 Corrient '!$A$5:$A$1012,$W$2,'PIB-Mpal 2015-2022 Corrient '!$E$5:$E$1012,$A61) -> 8.5519576 | F61: =SUMIFS('PIB-Mpal 2015-2022 Corrient '!I$5:I$1012,'PIB-Mpal 2015-2022 Corrient '!$A$5:$A$1012,$W$2,'PIB-Mpal 2015-2022 Corrient '!$E$5:$E$1012,$A61) -> 0.4882692 | G61: =SUMIFS('PIB-Mpal 2015-2022 Corrient '!K$5:K$1012,'PIB-Mpal 2015-2022 Corrient '!$A$5:$A$1012,$W$2,'PIB-Mpal 2015-2022 Corrient '!$E$5:$E$1012,$A61) -> 0.37308017 | H61: =SUMIFS('PIB-Mpal 2015-2022 Corrient '!L$5:L$1012,'PIB-Mpal 2015-2022 Corrient '!$A$5:$A$1012,$W$2,'PIB-Mpal 2015-2022 Corrient '!$E$5:$E$1012,$A61) -> 2.327481 | I61: =SUMIFS('PIB-Mpal 2015-2022 Corrient '!N$5:N$1012,'PIB-Mpal 2015-2022 Corrient '!$A$5:$A$1012,$W$2,'PIB-Mpal 2015-2022 Corrient '!$E$5:$E$1012,$A61) -> 3.0963368 | J61: =SUMIFS('PIB-Mpal 2015-2022 Corrient '!O$5:O$1012,'PIB-Mpal 2015-2022 Corrient '!$A$5:$A$1012,$W$2,'PIB-Mpal 2015-2022 Corrient '!$E$5:$E$1012,$A61) -> 2.0866387 | K61: =SUMIFS('PIB-Mpal 2015-2022 Corrient '!P$5:P$1012,'PIB-Mpal 2015-2022 Corrient '!$A$5:$A$1012,$W$2,'PIB-Mpal 2015-2022 Corrient '!$E$5:$E$1012,$A61) -> 0.68594365 | L61: =SUMIFS('PIB-Mpal 2015-2022 Corrient '!Q$5:Q$1012,'PIB-Mpal 2015-2022 Corrient '!$A$5:$A$1012,$W$2,'PIB-Mpal 2015-2022 Corrient '!$E$5:$E$1012,$A61) -> 0.2455763 | M61: =SUMIFS('PIB-Mpal 2015-2022 Corrient '!R$5:R$1012,'PIB-Mpal 2015-2022 Corrient '!$A$5:$A$1012,$W$2,'PIB-Mpal 2015-2022 Corrient '!$E$5:$E$1012,$A61) -> 1.3690227 | N61: =SUMIFS('PIB-Mpal 2015-2022 Corrient '!S$5:S$1012,'PIB-Mpal 2015-2022 Corrient '!$A$5:$A$1012,$W$2,'PIB-Mpal 2015-2022 Corrient '!$E$5:$E$1012,$A61) -> 2.9655126 | O61: =SUMIFS('PIB-Mpal 2015-2022 Corrient '!T$5:T$1012,'PIB-Mpal 2015-2022 Corrient '!$A$5:$A$1012,$W$2,'PIB-Mpal 2015-2022 Corrient '!$E$5:$E$1012,$A61) -> 8.8053917 | P61: =SUMIFS('PIB-Mpal 2015-2022 Corrient '!U$5:U$1012,'PIB-Mpal 2015-2022 Corrient '!$A$5:$A$1012,$W$2,'PIB-Mpal 2015-2022 Corrient '!$E$5:$E$1012,$A61) -> 0.82207292 | Q61: =SUMIFS('PIB-Mpal 2015-2022 Corrient '!J$5:J$1012,'PIB-Mpal 2015-2022 Corrient '!$A$5:$A$1012,$W$2,'PIB-Mpal 2015-2022 Corrient '!$E$5:$E$1012,$A61) -> 9.0402268 | R61: =SUMIFS('PIB-Mpal 2015-2022 Corrient '!M$5:M$1012,'PIB-Mpal 2015-2022 Corrient '!$A$5:$A$1012,$W$2,'PIB-Mpal 2015-2022 Corrient '!$E$5:$E$1012,$A61) -> 2.7005612 | S61: =SUMIFS('PIB-Mpal 2015-2022 Corrient '!V$5:V$1012,'PIB-Mpal 2015-2022 Corrient '!$A$5:$A$1012,$W$2,'PIB-Mpal 2015-2022 Corrient '!$E$5:$E$1012,$A61) -> 20.076495 | T61: =SUMIFS('PIB-Mpal 2015-2022 Corrient '!W$5:W$1012,'PIB-Mpal 2015-2022 Corrient '!$A$5:$A$1012,$W$2,'PIB-Mpal 2015-2022 Corrient '!$E$5:$E$1012,$A61) -> 31.817283 | U61: =SUMIFS('PIB-Mpal 2015-2022 Corrient '!X$5:X$1012,'PIB-Mpal 2015-2022 Corrient '!$A$5:$A$1012,$W$2,'PIB-Mpal 2015-2022 Corrient '!$E$5:$E$1012,$A61) -> 3.2154266 | V61: =SUMIFS('PIB-Mpal 2015-2022 Corrient '!Y$5:Y$1012,'PIB-Mpal 2015-2022 Corrient '!$A$5:$A$1012,$W$2,'PIB-Mpal 2015-2022 Corrient '!$E$5:$E$1012,$A61) -> 35.03271 | W61: =V61/$V$5 -> 0.00022813777 | X61: =INDEX(POBLACION!$C$4:$W$128,MATCH(A61,POBLACION!$A$4:$A$128,0),MATCH($W$2,POBLACION!$C$3:$W$3,0)) -> 2710 | Y61: =(T61/X61)*1000000 -> 11740.695 | Z61: =(V61/X61)*1000000 -> 12927.199 | AA61: =LOG(Y61) -> 4.0696938 | AB61: =LOG(Z61) -> 4.1115044
A62: 05044 | B62: Occidente | C62: Provincia de Penderisco y Sinifaná | D62: Anzá | E62: =SUMIFS('PIB-Mpal 2015-2022 Corrient '!H$5:H$1012,'PIB-Mpal 2015-2022 Corrient '!$A$5:$A$1012,$W$2,'PIB-Mpal 2015-2022 Corrient '!$E$5:$E$1012,$A62) -> 50.461949 | F62: =SUMIFS('PIB-Mpal 2015-2022 Corrient '!I$5:I$1012,'PIB-Mpal 2015-2022 Corrient '!$A$5:$A$1012,$W$2,'PIB-Mpal 2015-2022 Corrient '!$E$5:$E$1012,$A62) -> 0.68987155 | G62: =SUMIFS('PIB-Mpal 2015-2022 Corrient '!K$5:K$1012,'PIB-Mpal 2015-2022 Corrient '!$A$5:$A$1012,$W$2,'PIB-Mpal 2015-2022 Corrient '!$E$5:$E$1012,$A62) -> 0.70085353 | H62: =SUMIFS('PIB-Mpal 2015-2022 Corrient '!L$5:L$1012,'PIB-Mpal 2015-2022 Corrient '!$A$5:$A$1012,$W$2,'PIB-Mpal 2015-2022 Corrient '!$E$5:$E$1012,$A62) -> 8.9613542 | I62: =SUMIFS('PIB-Mpal 2015-2022 Corrient '!N$5:N$1012,'PIB-Mpal 2015-2022 Corrient '!$A$5:$A$1012,$W$2,'PIB-Mpal 2015-2022 Corrient '!$E$5:$E$1012,$A62) -> 1.7895421 | J62: =SUMIFS('PIB-Mpal 2015-2022 Corrient '!O$5:O$1012,'PIB-Mpal 2015-2022 Corrient '!$A$5:$A$1012,$W$2,'PIB-Mpal 2015-2022 Corrient '!$E$5:$E$1012,$A62) -> 9.4834275 | K62: =SUMIFS('PIB-Mpal 2015-2022 Corrient '!P$5:P$1012,'PIB-Mpal 2015-2022 Corrient '!$A$5:$A$1012,$W$2,'PIB-Mpal 2015-2022 Corrient '!$E$5:$E$1012,$A62) -> 2.3716376 | L62: =SUMIFS('PIB-Mpal 2015-2022 Corrient '!Q$5:Q$1012,'PIB-Mpal 2015-2022 Corrient '!$A$5:$A$1012,$W$2,'PIB-Mpal 2015-2022 Corrient '!$E$5:$E$1012,$A62) -> 1.5885826 | M62: =SUMIFS('PIB-Mpal 2015-2022 Corrient '!R$5:R$1012,'PIB-Mpal 2015-2022 Corrient '!$A$5:$A$1012,$W$2,'PIB-Mpal 2015-2022 Corrient '!$E$5:$E$1012,$A62) -> 5.4655964 | N62: =SUMIFS('PIB-Mpal 2015-2022 Corrient '!S$5:S$1012,'PIB-Mpal 2015-2022 Corrient '!$A$5:$A$1012,$W$2,'PIB-Mpal 2015-2022 Corrient '!$E$5:$E$1012,$A62) -> 9.472943 | O62: =SUMIFS('PIB-Mpal 2015-2022 Corrient '!T$5:T$1012,'PIB-Mpal 2015-2022 Corrient '!$A$5:$A$1012,$W$2,'PIB-Mpal 2015-2022 Corrient '!$E$5:$E$1012,$A62) -> 16.47738 | P62: =SUMIFS('PIB-Mpal 2015-2022 Corrient '!U$5:U$1012,'PIB-Mpal 2015-2022 Corrient '!$A$5:$A$1012,$W$2,'PIB-Mpal 2015-2022 Corrient '!$E$5:$E$1012,$A62) -> 2.8783617 | Q62: =SUMIFS('PIB-Mpal 2015-2022 Corrient '!J$5:J$1012,'PIB-Mpal 2015-2022 Corrient '!$A$5:$A$1012,$W$2,'PIB-Mpal 2015-2022 Corrient '!$E$5:$E$1012,$A62) -> 51.151821 | R62: =SUMIFS('PIB-Mpal 2015-2022 Corrient '!M$5:M$1012,'PIB-Mpal 2015-2022 Corrient '!$A$5:$A$1012,$W$2,'PIB-Mpal 2015-2022 Corrient '!$E$5:$E$1012,$A62) -> 9.6622078 | S62: =SUMIFS('PIB-Mpal 2015-2022 Corrient '!V$5:V$1012,'PIB-Mpal 2015-2022 Corrient '!$A$5:$A$1012,$W$2,'PIB-Mpal 2015-2022 Corrient '!$E$5:$E$1012,$A62) -> 49.52747 | T62: =SUMIFS('PIB-Mpal 2015-2022 Corrient '!W$5:W$1012,'PIB-Mpal 2015-2022 Corrient '!$A$5:$A$1012,$W$2,'PIB-Mpal 2015-2022 Corrient '!$E$5:$E$1012,$A62) -> 110.3415 | U62: =SUMIFS('PIB-Mpal 2015-2022 Corrient '!X$5:X$1012,'PIB-Mpal 2015-2022 Corrient '!$A$5:$A$1012,$W$2,'PIB-Mpal 2015-2022 Corrient '!$E$5:$E$1012,$A62) -> 11.151015 | V62: =SUMIFS('PIB-Mpal 2015-2022 Corrient '!Y$5:Y$1012,'PIB-Mpal 2015-2022 Corrient '!$A$5:$A$1012,$W$2,'PIB-Mpal 2015-2022 Corrient '!$E$5:$E$1012,$A62) -> 121.49251 | W62: =V62/$V$5 -> 0.00079117576 | X62: =INDEX(POBLACION!$C$4:$W$128,MATCH(A62,POBLACION!$A$4:$A$128,0),MATCH($W$2,POBLACION!$C$3:$W$3,0)) -> 7085 | Y62: =(T62/X62)*1000000 -> 15573.959 | Z62: =(V62/X62)*1000000 -> 17147.849 | AA62: =LOG(Y62) -> 4.192399 | AB62: =LOG(Z62) -> 4.2342097
A63: 05059 | B63: Occidente | C63: Región de Planeación y Gestión de Occidente - RPG | D63: Armenia | E63: =SUMIFS('PIB-Mpal 2015-2022 Corrient '!H$5:H$1012,'PIB-Mpal 2015-2022 Corrient '!$A$5:$A$1012,$W$2,'PIB-Mpal 2015-2022 Corrient '!$E$5:$E$1012,$A63) -> 13.812102 | F63: =SUMIFS('PIB-Mpal 2015-2022 Corrient '!I$5:I$1012,'PIB-Mpal 2015-2022 Corrient '!$A$5:$A$1012,$W$2,'PIB-Mpal 2015-2022 Corrient '!$E$5:$E$1012,$A63) -> 0 | G63: =SUMIFS('PIB-Mpal 2015-2022 Corrient '!K$5:K$1012,'PIB-Mpal 2015-2022 Corrient '!$A$5:$A$1012,$W$2,'PIB-Mpal 2015-2022 Corrient '!$E$5:$E$1012,$A63) -> 1.3711538 | H63: =SUMIFS('PIB-Mpal 2015-2022 Corrient '!L$5:L$1012,'PIB-Mpal 2015-2022 Corrient '!$A$5:$A$1012,$W$2,'PIB-Mpal 2015-2022 Corrient '!$E$5:$E$1012,$A63) -> 3.2523184 | I63: =SUMIFS('PIB-Mpal 2015-2022 Corrient '!N$5:N$1012,'PIB-Mpal 2015-2022 Corrient '!$A$5:$A$1012,$W$2,'PIB-Mpal 2015-2022 Corrient '!$E$5:$E$1012,$A63) -> 1.3342379 | J63: =SUMIFS('PIB-Mpal 2015-2022 Corrient '!O$5:O$1012,'PIB-Mpal 2015-2022 Corrient '!$A$5:$A$1012,$W$2,'PIB-Mpal 2015-2022 Corrient '!$E$5:$E$1012,$A63) -> 7.449996 | K63: =SUMIFS('PIB-Mpal 2015-2022 Corrient '!P$5:P$1012,'PIB-Mpal 2015-2022 Corrient '!$A$5:$A$1012,$W$2,'PIB-Mpal 2015-2022 Corrient '!$E$5:$E$1012,$A63) -> 1.7524499 | L63: =SUMIFS('PIB-Mpal 2015-2022 Corrient '!Q$5:Q$1012,'PIB-Mpal 2015-2022 Corrient '!$A$5:$A$1012,$W$2,'PIB-Mpal 2015-2022 Corrient '!$E$5:$E$1012,$A63) -> 1.006217 | M63: =SUMIFS('PIB-Mpal 2015-2022 Corrient '!R$5:R$1012,'PIB-Mpal 2015-2022 Corrient '!$A$5:$A$1012,$W$2,'PIB-Mpal 2015-2022 Corrient '!$E$5:$E$1012,$A63) -> 4.8353821 | N63: =SUMIFS('PIB-Mpal 2015-2022 Corrient '!S$5:S$1012,'PIB-Mpal 2015-2022 Corrient '!$A$5:$A$1012,$W$2,'PIB-Mpal 2015-2022 Corrient '!$E$5:$E$1012,$A63) -> 5.7037028 | O63: =SUMIFS('PIB-Mpal 2015-2022 Corrient '!T$5:T$1012,'PIB-Mpal 2015-2022 Corrient '!$A$5:$A$1012,$W$2,'PIB-Mpal 2015-2022 Corrient '!$E$5:$E$1012,$A63) -> 12.887426 | P63: =SUMIFS('PIB-Mpal 2015-2022 Corrient '!U$5:U$1012,'PIB-Mpal 2015-2022 Corrient '!$A$5:$A$1012,$W$2,'PIB-Mpal 2015-2022 Corrient '!$E$5:$E$1012,$A63) -> 2.6562739 | Q63: =SUMIFS('PIB-Mpal 2015-2022 Corrient '!J$5:J$1012,'PIB-Mpal 2015-2022 Corrient '!$A$5:$A$1012,$W$2,'PIB-Mpal 2015-2022 Corrient '!$E$5:$E$1012,$A63) -> 13.812102 | R63: =SUMIFS('PIB-Mpal 2015-2022 Corrient '!M$5:M$1012,'PIB-Mpal 2015-2022 Corrient '!$A$5:$A$1012,$W$2,'PIB-Mpal 2015-2022 Corrient '!$E$5:$E$1012,$A63) -> 4.6234722 | S63: =SUMIFS('PIB-Mpal 2015-2022 Corrient '!V$5:V$1012,'PIB-Mpal 2015-2022 Corrient '!$A$5:$A$1012,$W$2,'PIB-Mpal 2015-2022 Corrient '!$E$5:$E$1012,$A63) -> 37.625685 | T63: =SUMIFS('PIB-Mpal 2015-2022 Corrient '!W$5:W$1012,'PIB-Mpal 2015-2022 Corrient '!$A$5:$A$1012,$W$2,'PIB-Mpal 2015-2022 Corrient '!$E$5:$E$1012,$A63) -> 56.06126 | U63: =SUMIFS('PIB-Mpal 2015-2022 Corrient '!X$5:X$1012,'PIB-Mpal 2015-2022 Corrient '!$A$5:$A$1012,$W$2,'PIB-Mpal 2015-2022 Corrient '!$E$5:$E$1012,$A63) -> 5.6655015 | V63: =SUMIFS('PIB-Mpal 2015-2022 Corrient '!Y$5:Y$1012,'PIB-Mpal 2015-2022 Corrient '!$A$5:$A$1012,$W$2,'PIB-Mpal 2015-2022 Corrient '!$E$5:$E$1012,$A63) -> 61.726761 | W63: =V63/$V$5 -> 0.00040197306 | X63: =INDEX(POBLACION!$C$4:$W$128,MATCH(A63,POBLACION!$A$4:$A$128,0),MATCH($W$2,POBLACION!$C$3:$W$3,0)) -> 5085 | Y63: =(T63/X63)*1000000 -> 11024.83 | Z63: =(V63/X63)*1000000 -> 12138.989 | AA63: =LOG(Y63) -> 4.0423719 | AB63: =LOG(Z63) -> 4.0841825
A64: 05113 | B64: Occidente | C64: Región de Planeación y Gestión de Occidente - RPG | D64: Buriticá | E64: =SUMIFS('PIB-Mpal 2015-2022 Corrient '!H$5:H$1012,'PIB-Mpal 2015-2022 Corrient '!$A$5:$A$1012,$W$2,'PIB-Mpal 2015-2022 Corrient '!$E$5:$E$1012,$A64) -> 6.1476924 | F64: =SUMIFS('PIB-Mpal 2015-2022 Corrient '!I$5:I$1012,'PIB-Mpal 2015-2022 Corrient '!$A$5:$A$1012,$W$2,'PIB-Mpal 2015-2022 Corrient '!$E$5:$E$1012,$A64) -> 10.998251 | G64: =SUMIFS('PIB-Mpal 2015-2022 Corrient '!K$5:K$1012,'PIB-Mpal 2015-2022 Corrient '!$A$5:$A$1012,$W$2,'PIB-Mpal 2015-2022 Corrient '!$E$5:$E$1012,$A64) -> 5.3351559 | H64: =SUMIFS('PIB-Mpal 2015-2022 Corrient '!L$5:L$1012,'PIB-Mpal 2015-2022 Corrient '!$A$5:$A$1012,$W$2,'PIB-Mpal 2015-2022 Corrient '!$E$5:$E$1012,$A64) -> 1.3021709 | I64: =SUMIFS('PIB-Mpal 2015-2022 Corrient '!N$5:N$1012,'PIB-Mpal 2015-2022 Corrient '!$A$5:$A$1012,$W$2,'PIB-Mpal 2015-2022 Corrient '!$E$5:$E$1012,$A64) -> 8.2483424 | J64: =SUMIFS('PIB-Mpal 2015-2022 Corrient '!O$5:O$1012,'PIB-Mpal 2015-2022 Corrient '!$A$5:$A$1012,$W$2,'PIB-Mpal 2015-2022 Corrient '!$E$5:$E$1012,$A64) -> 12.034074 | K64: =SUMIFS('PIB-Mpal 2015-2022 Corrient '!P$5:P$1012,'PIB-Mpal 2015-2022 Corrient '!$A$5:$A$1012,$W$2,'PIB-Mpal 2015-2022 Corrient '!$E$5:$E$1012,$A64) -> 2.8958945 | L64: =SUMIFS('PIB-Mpal 2015-2022 Corrient '!Q$5:Q$1012,'PIB-Mpal 2015-2022 Corrient '!$A$5:$A$1012,$W$2,'PIB-Mpal 2015-2022 Corrient '!$E$5:$E$1012,$A64) -> 1.1883217 | M64: =SUMIFS('PIB-Mpal 2015-2022 Corrient '!R$5:R$1012,'PIB-Mpal 2015-2022 Corrient '!$A$5:$A$1012,$W$2,'PIB-Mpal 2015-2022 Corrient '!$E$5:$E$1012,$A64) -> 8.9330596 | N64: =SUMIFS('PIB-Mpal 2015-2022 Corrient '!S$5:S$1012,'PIB-Mpal 2015-2022 Corrient '!$A$5:$A$1012,$W$2,'PIB-Mpal 2015-2022 Corrient '!$E$5:$E$1012,$A64) -> 8.994097 | O64: =SUMIFS('PIB-Mpal 2015-2022 Corrient '!T$5:T$1012,'PIB-Mpal 2015-2022 Corrient '!$A$5:$A$1012,$W$2,'PIB-Mpal 2015-2022 Corrient '!$E$5:$E$1012,$A64) -> 17.226364 | P64: =SUMIFS('PIB-Mpal 2015-2022 Corrient '!U$5:U$1012,'PIB-Mpal 2015-2022 Corrient '!$A$5:$A$1012,$W$2,'PIB-Mpal 2015-2022 Corrient '!$E$5:$E$1012,$A64) -> 3.6861146 | Q64: =SUMIFS('PIB-Mpal 2015-2022 Corrient '!J$5:J$1012,'PIB-Mpal 2015-2022 Corrient '!$A$5:$A$1012,$W$2,'PIB-Mpal 2015-2022 Corrient '!$E$5:$E$1012,$A64) -> 17.145943 | R64: =SUMIFS('PIB-Mpal 2015-2022 Corrient '!M$5:M$1012,'PIB-Mpal 2015-2022 Corrient '!$A$5:$A$1012,$W$2,'PIB-Mpal 2015-2022 Corrient '!$E$5:$E$1012,$A64) -> 6.6373268 | S64: =SUMIFS('PIB-Mpal 2015-2022 Corrient '!V$5:V$1012,'PIB-Mpal 2015-2022 Corrient '!$A$5:$A$1012,$W$2,'PIB-Mpal 2015-2022 Corrient '!$E$5:$E$1012,$A64) -> 63.206268 | T64: =SUMIFS('PIB-Mpal 2015-2022 Corrient '!W$5:W$1012,'PIB-Mpal 2015-2022 Corrient '!$A$5:$A$1012,$W$2,'PIB-Mpal 2015-2022 Corrient '!$E$5:$E$1012,$A64) -> 86.989539 | U64: =SUMIFS('PIB-Mpal 2015-2022 Corrient '!X$5:X$1012,'PIB-Mpal 2015-2022 Corrient '!$A$5:$A$1012,$W$2,'PIB-Mpal 2015-2022 Corrient '!$E$5:$E$1012,$A64) -> 8.7910862 | V64: =SUMIFS('PIB-Mpal 2015-2022 Corrient '!Y$5:Y$1012,'PIB-Mpal 2015-2022 Corrient '!$A$5:$A$1012,$W$2,'PIB-Mpal 2015-2022 Corrient '!$E$5:$E$1012,$A64) -> 95.780625 | W64: =V64/$V$5 -> 0.00062373644 | X64: =INDEX(POBLACION!$C$4:$W$128,MATCH(A64,POBLACION!$A$4:$A$128,0),MATCH($W$2,POBLACION!$C$3:$W$3,0)) -> 9502 | Y64: =(T64/X64)*1000000 -> 9154.8662 | Z64: =(V64/X64)*1000000 -> 10080.049 | AA64: =LOG(Y64) -> 3.961652 | AB64: =LOG(Z64) -> 4.0034626
A65: 05125 | B65: Occidente | C65: Provincia de Penderisco y Sinifaná | D65: Caicedo | E65: =SUMIFS('PIB-Mpal 2015-2022 Corrient '!H$5:H$1012,'PIB-Mpal 2015-2022 Corrient '!$A$5:$A$1012,$W$2,'PIB-Mpal 2015-2022 Corrient '!$E$5:$E$1012,$A65) -> 30.710176 | F65: =SUMIFS('PIB-Mpal 2015-2022 Corrient '!I$5:I$1012,'PIB-Mpal 2015-2022 Corrient '!$A$5:$A$1012,$W$2,'PIB-Mpal 2015-2022 Corrient '!$E$5:$E$1012,$A65) -> 0 | G65: =SUMIFS('PIB-Mpal 2015-2022 Corrient '!K$5:K$1012,'PIB-Mpal 2015-2022 Corrient '!$A$5:$A$1012,$W$2,'PIB-Mpal 2015-2022 Corrient '!$E$5:$E$1012,$A65) -> 2.3350669 | H65: =SUMIFS('PIB-Mpal 2015-2022 Corrient '!L$5:L$1012,'PIB-Mpal 2015-2022 Corrient '!$A$5:$A$1012,$W$2,'PIB-Mpal 2015-2022 Corrient '!$E$5:$E$1012,$A65) -> 5.8415546 | I65: =SUMIFS('PIB-Mpal 2015-2022 Corrient '!N$5:N$1012,'PIB-Mpal 2015-2022 Corrient '!$A$5:$A$1012,$W$2,'PIB-Mpal 2015-2022 Corrient '!$E$5:$E$1012,$A65) -> 1.8110478 | J65: =SUMIFS('PIB-Mpal 2015-2022 Corrient '!O$5:O$1012,'PIB-Mpal 2015-2022 Corrient '!$A$5:$A$1012,$W$2,'PIB-Mpal 2015-2022 Corrient '!$E$5:$E$1012,$A65) -> 10.198035 | K65: =SUMIFS('PIB-Mpal 2015-2022 Corrient '!P$5:P$1012,'PIB-Mpal 2015-2022 Corrient '!$A$5:$A$1012,$W$2,'PIB-Mpal 2015-2022 Corrient '!$E$5:$E$1012,$A65) -> 3.2106509 | L65: =SUMIFS('PIB-Mpal 2015-2022 Corrient '!Q$5:Q$1012,'PIB-Mpal 2015-2022 Corrient '!$A$5:$A$1012,$W$2,'PIB-Mpal 2015-2022 Corrient '!$E$5:$E$1012,$A65) -> 2.1353218 | M65: =SUMIFS('PIB-Mpal 2015-2022 Corrient '!R$5:R$1012,'PIB-Mpal 2015-2022 Corrient '!$A$5:$A$1012,$W$2,'PIB-Mpal 2015-2022 Corrient '!$E$5:$E$1012,$A65) -> 6.9927733 | N65: =SUMIFS('PIB-Mpal 2015-2022 Corrient '!S$5:S$1012,'PIB-Mpal 2015-2022 Corrient '!$A$5:$A$1012,$W$2,'PIB-Mpal 2015-2022 Corrient '!$E$5:$E$1012,$A65) -> 9.8227806 | O65: =SUMIFS('PIB-Mpal 2015-2022 Corrient '!T$5:T$1012,'PIB-Mpal 2015-2022 Corrient '!$A$5:$A$1012,$W$2,'PIB-Mpal 2015-2022 Corrient '!$E$5:$E$1012,$A65) -> 22.426233 | P65: =SUMIFS('PIB-Mpal 2015-2022 Corrient '!U$5:U$1012,'PIB-Mpal 2015-2022 Corrient '!$A$5:$A$1012,$W$2,'PIB-Mpal 2015-2022 Corrient '!$E$5:$E$1012,$A65) -> 3.5173749 | Q65: =SUMIFS('PIB-Mpal 2015-2022 Corrient '!J$5:J$1012,'PIB-Mpal 2015-2022 Corrient '!$A$5:$A$1012,$W$2,'PIB-Mpal 2015-2022 Corrient '!$E$5:$E$1012,$A65) -> 30.710176 | R65: =SUMIFS('PIB-Mpal 2015-2022 Corrient '!M$5:M$1012,'PIB-Mpal 2015-2022 Corrient '!$A$5:$A$1012,$W$2,'PIB-Mpal 2015-2022 Corrient '!$E$5:$E$1012,$A65) -> 8.1766215 | S65: =SUMIFS('PIB-Mpal 2015-2022 Corrient '!V$5:V$1012,'PIB-Mpal 2015-2022 Corrient '!$A$5:$A$1012,$W$2,'PIB-Mpal 2015-2022 Corrient '!$E$5:$E$1012,$A65) -> 60.114217 | T65: =SUMIFS('PIB-Mpal 2015-2022 Corrient '!W$5:W$1012,'PIB-Mpal 2015-2022 Corrient '!$A$5:$A$1012,$W$2,'PIB-Mpal 2015-2022 Corrient '!$E$5:$E$1012,$A65) -> 99.001015 | U65: =SUMIFS('PIB-Mpal 2015-2022 Corrient '!X$5:X$1012,'PIB-Mpal 2015-2022 Corrient '!$A$5:$A$1012,$W$2,'PIB-Mpal 2015-2022 Corrient '!$E$5:$E$1012,$A65) -> 10.004955 | V65: =SUMIFS('PIB-Mpal 2015-2022 Corrient '!Y$5:Y$1012,'PIB-Mpal 2015-2022 Corrient '!$A$5:$A$1012,$W$2,'PIB-Mpal 2015-2022 Corrient '!$E$5:$E$1012,$A65) -> 109.00597 | W65: =V65/$V$5 -> 0.00070986169 | X65: =INDEX(POBLACION!$C$4:$W$128,MATCH(A65,POBLACION!$A$4:$A$128,0),MATCH($W$2,POBLACION!$C$3:$W$3,0)) -> 8420 | Y65: =(T65/X65)*1000000 -> 11757.84 | Z65: =(V65/X65)*1000000 -> 12946.077 | AA65: =LOG(Y65) -> 4.0703276 | AB65: =LOG(Z65) -> 4.1121382
A66: 05138 | B66: Occidente | C66: Región de Planeación y Gestión de Occidente - RPG | D66: Cañasgordas | E66: =SUMIFS('PIB-Mpal 2015-2022 Corrient '!H$5:H$1012,'PIB-Mpal 2015-2022 Corrient '!$A$5:$A$1012,$W$2,'PIB-Mpal 2015-2022 Corrient '!$E$5:$E$1012,$A66) -> 33.232941 | F66: =SUMIFS('PIB-Mpal 2015-2022 Corrient '!I$5:I$1012,'PIB-Mpal 2015-2022 Corrient '!$A$5:$A$1012,$W$2,'PIB-Mpal 2015-2022 Corrient '!$E$5:$E$1012,$A66) -> 0 | G66: =SUMIFS('PIB-Mpal 2015-2022 Corrient '!K$5:K$1012,'PIB-Mpal 2015-2022 Corrient '!$A$5:$A$1012,$W$2,'PIB-Mpal 2015-2022 Corrient '!$E$5:$E$1012,$A66) -> 1.8469565 | H66: =SUMIFS('PIB-Mpal 2015-2022 Corrient '!L$5:L$1012,'PIB-Mpal 2015-2022 Corrient '!$A$5:$A$1012,$W$2,'PIB-Mpal 2015-2022 Corrient '!$E$5:$E$1012,$A66) -> 17.949311 | I66: =SUMIFS('PIB-Mpal 2015-2022 Corrient '!N$5:N$1012,'PIB-Mpal 2015-2022 Corrient '!$A$5:$A$1012,$W$2,'PIB-Mpal 2015-2022 Corrient '!$E$5:$E$1012,$A66) -> 9.006539 | J66: =SUMIFS('PIB-Mpal 2015-2022 Corrient '!O$5:O$1012,'PIB-Mpal 2015-2022 Corrient '!$A$5:$A$1012,$W$2,'PIB-Mpal 2015-2022 Corrient '!$E$5:$E$1012,$A66) -> 24.899429 | K66: =SUMIFS('PIB-Mpal 2015-2022 Corrient '!P$5:P$1012,'PIB-Mpal 2015-2022 Corrient '!$A$5:$A$1012,$W$2,'PIB-Mpal 2015-2022 Corrient '!$E$5:$E$1012,$A66) -> 4.7709871 | L66: =SUMIFS('PIB-Mpal 2015-2022 Corrient '!Q$5:Q$1012,'PIB-Mpal 2015-2022 Corrient '!$A$5:$A$1012,$W$2,'PIB-Mpal 2015-2022 Corrient '!$E$5:$E$1012,$A66) -> 2.5771751 | M66: =SUMIFS('PIB-Mpal 2015-2022 Corrient '!R$5:R$1012,'PIB-Mpal 2015-2022 Corrient '!$A$5:$A$1012,$W$2,'PIB-Mpal 2015-2022 Corrient '!$E$5:$E$1012,$A66) -> 11.4681 | N66: =SUMIFS('PIB-Mpal 2015-2022 Corrient '!S$5:S$1012,'PIB-Mpal 2015-2022 Corrient '!$A$5:$A$1012,$W$2,'PIB-Mpal 2015-2022 Corrient '!$E$5:$E$1012,$A66) -> 17.093471 | O66: =SUMIFS('PIB-Mpal 2015-2022 Corrient '!T$5:T$1012,'PIB-Mpal 2015-2022 Corrient '!$A$5:$A$1012,$W$2,'PIB-Mpal 2015-2022 Corrient '!$E$5:$E$1012,$A66) -> 40.299858 | P66: =SUMIFS('PIB-Mpal 2015-2022 Corrient '!U$5:U$1012,'PIB-Mpal 2015-2022 Corrient '!$A$5:$A$1012,$W$2,'PIB-Mpal 2015-2022 Corrient '!$E$5:$E$1012,$A66) -> 5.2926053 | Q66: =SUMIFS('PIB-Mpal 2015-2022 Corrient '!J$5:J$1012,'PIB-Mpal 2015-2022 Corrient '!$A$5:$A$1012,$W$2,'PIB-Mpal 2015-2022 Corrient '!$E$5:$E$1012,$A66) -> 33.232941 | R66: =SUMIFS('PIB-Mpal 2015-2022 Corrient '!M$5:M$1012,'PIB-Mpal 2015-2022 Corrient '!$A$5:$A$1012,$W$2,'PIB-Mpal 2015-2022 Corrient '!$E$5:$E$1012,$A66) -> 19.796267 | S66: =SUMIFS('PIB-Mpal 2015-2022 Corrient '!V$5:V$1012,'PIB-Mpal 2015-2022 Corrient '!$A$5:$A$1012,$W$2,'PIB-Mpal 2015-2022 Corrient '!$E$5:$E$1012,$A66) -> 115.40817 | T66: =SUMIFS('PIB-Mpal 2015-2022 Corrient '!W$5:W$1012,'PIB-Mpal 2015-2022 Corrient '!$A$5:$A$1012,$W$2,'PIB-Mpal 2015-2022 Corrient '!$E$5:$E$1012,$A66) -> 168.43737 | U66: =SUMIFS('PIB-Mpal 2015-2022 Corrient '!X$5:X$1012,'PIB-Mpal 2015-2022 Corrient '!$A$5:$A$1012,$W$2,'PIB-Mpal 2015-2022 Corrient '!$E$5:$E$1012,$A66) -> 17.022133 | V66: =SUMIFS('PIB-Mpal 2015-2022 Corrient '!Y$5:Y$1012,'PIB-Mpal 2015-2022 Corrient '!$A$5:$A$1012,$W$2,'PIB-Mpal 2015-2022 Corrient '!$E$5:$E$1012,$A66) -> 185.45951 | W66: =V66/$V$5 -> 0.0012077375 | X66: =INDEX(POBLACION!$C$4:$W$128,MATCH(A66,POBLACION!$A$4:$A$128,0),MATCH($W$2,POBLACION!$C$3:$W$3,0)) -> 15490 | Y66: =(T66/X66)*1000000 -> 10873.943 | Z66: =(V66/X66)*1000000 -> 11972.854 | AA66: =LOG(Y66) -> 4.036387 | AB66: =LOG(Z66) -> 4.0781977
A67: 05234 | B67: Occidente | C67: Región de Planeación y Gestión de Occidente - RPG | D67: Dabeiba | E67: =SUMIFS('PIB-Mpal 2015-2022 Corrient '!H$5:H$1012,'PIB-Mpal 2015-2022 Corrient '!$A$5:$A$1012,$W$2,'PIB-Mpal 2015-2022 Corrient '!$E$5:$E$1012,$A67) -> 73.052079 | F67: =SUMIFS('PIB-Mpal 2015-2022 Corrient '!I$5:I$1012,'PIB-Mpal 2015-2022 Corrient '!$A$5:$A$1012,$W$2,'PIB-Mpal 2015-2022 Corrient '!$E$5:$E$1012,$A67) -> 27.593419 | G67: =SUMIFS('PIB-Mpal 2015-2022 Corrient '!K$5:K$1012,'PIB-Mpal 2015-2022 Corrient '!$A$5:$A$1012,$W$2,'PIB-Mpal 2015-2022 Corrient '!$E$5:$E$1012,$A67) -> 2.2654444 | H67: =SUMIFS('PIB-Mpal 2015-2022 Corrient '!L$5:L$1012,'PIB-Mpal 2015-2022 Corrient '!$A$5:$A$1012,$W$2,'PIB-Mpal 2015-2022 Corrient '!$E$5:$E$1012,$A67) -> 21.05388 | I67: =SUMIFS('PIB-Mpal 2015-2022 Corrient '!N$5:N$1012,'PIB-Mpal 2015-2022 Corrient '!$A$5:$A$1012,$W$2,'PIB-Mpal 2015-2022 Corrient '!$E$5:$E$1012,$A67) -> 6.5931833 | J67: =SUMIFS('PIB-Mpal 2015-2022 Corrient '!O$5:O$1012,'PIB-Mpal 2015-2022 Corrient '!$A$5:$A$1012,$W$2,'PIB-Mpal 2015-2022 Corrient '!$E$5:$E$1012,$A67) -> 49.076399 | K67: =SUMIFS('PIB-Mpal 2015-2022 Corrient '!P$5:P$1012,'PIB-Mpal 2015-2022 Corrient '!$A$5:$A$1012,$W$2,'PIB-Mpal 2015-2022 Corrient '!$E$5:$E$1012,$A67) -> 8.8479684 | L67: =SUMIFS('PIB-Mpal 2015-2022 Corrient '!Q$5:Q$1012,'PIB-Mpal 2015-2022 Corrient '!$A$5:$A$1012,$W$2,'PIB-Mpal 2015-2022 Corrient '!$E$5:$E$1012,$A67) -> 5.8393264 | M67: =SUMIFS('PIB-Mpal 2015-2022 Corrient '!R$5:R$1012,'PIB-Mpal 2015-2022 Corrient '!$A$5:$A$1012,$W$2,'PIB-Mpal 2015-2022 Corrient '!$E$5:$E$1012,$A67) -> 16.332631 | N67: =SUMIFS('PIB-Mpal 2015-2022 Corrient '!S$5:S$1012,'PIB-Mpal 2015-2022 Corrient '!$A$5:$A$1012,$W$2,'PIB-Mpal 2015-2022 Corrient '!$E$5:$E$1012,$A67) -> 28.995065 | O67: =SUMIFS('PIB-Mpal 2015-2022 Corrient '!T$5:T$1012,'PIB-Mpal 2015-2022 Corrient '!$A$5:$A$1012,$W$2,'PIB-Mpal 2015-2022 Corrient '!$E$5:$E$1012,$A67) -> 52.327203 | P67: =SUMIFS('PIB-Mpal 2015-2022 Corrient '!U$5:U$1012,'PIB-Mpal 2015-2022 Corrient '!$A$5:$A$1012,$W$2,'PIB-Mpal 2015-2022 Corrient '!$E$5:$E$1012,$A67) -> 6.4498711 | Q67: =SUMIFS('PIB-Mpal 2015-2022 Corrient '!J$5:J$1012,'PIB-Mpal 2015-2022 Corrient '!$A$5:$A$1012,$W$2,'PIB-Mpal 2015-2022 Corrient '!$E$5:$E$1012,$A67) -> 100.6455 | R67: =SUMIFS('PIB-Mpal 2015-2022 Corrient '!M$5:M$1012,'PIB-Mpal 2015-2022 Corrient '!$A$5:$A$1012,$W$2,'PIB-Mpal 2015-2022 Corrient '!$E$5:$E$1012,$A67) -> 23.319324 | S67: =SUMIFS('PIB-Mpal 2015-2022 Corrient '!V$5:V$1012,'PIB-Mpal 2015-2022 Corrient '!$A$5:$A$1012,$W$2,'PIB-Mpal 2015-2022 Corrient '!$E$5:$E$1012,$A67) -> 174.46165 | T67: =SUMIFS('PIB-Mpal 2015-2022 Corrient '!W$5:W$1012,'PIB-Mpal 2015-2022 Corrient '!$A$5:$A$1012,$W$2,'PIB-Mpal 2015-2022 Corrient '!$E$5:$E$1012,$A67) -> 298.42647 | U67: =SUMIFS('PIB-Mpal 2015-2022 Corrient '!X$5:X$1012,'PIB-Mpal 2015-2022 Corrient '!$A$5:$A$1012,$W$2,'PIB-Mpal 2015-2022 Corrient '!$E$5:$E$1012,$A67) -> 30.158716 | V67: =SUMIFS('PIB-Mpal 2015-2022 Corrient '!Y$5:Y$1012,'PIB-Mpal 2015-2022 Corrient '!$A$5:$A$1012,$W$2,'PIB-Mpal 2015-2022 Corrient '!$E$5:$E$1012,$A67) -> 328.58518 | W67: =V67/$V$5 -> 0.0021397914 | X67: =INDEX(POBLACION!$C$4:$W$128,MATCH(A67,POBLACION!$A$4:$A$128,0),MATCH($W$2,POBLACION!$C$3:$W$3,0)) -> 23255 | Y67: =(T67/X67)*1000000 -> 12832.787 | Z67: =(V67/X67)*1000000 -> 14129.657 | AA67: =LOG(Y67) -> 4.108321 | AB67: =LOG(Z67) -> 4.1501316
A68: 05240 | B68: Occidente | C68: A la fecha no ha conformado un Esquema Asociativo Territorial | D68: Ebéjico | E68: =SUMIFS('PIB-Mpal 2015-2022 Corrient '!H$5:H$1012,'PIB-Mpal 2015-2022 Corrient '!$A$5:$A$1012,$W$2,'PIB-Mpal 2015-2022 Corrient '!$E$5:$E$1012,$A68) -> 124.83257 | F68: =SUMIFS('PIB-Mpal 2015-2022 Corrient '!I$5:I$1012,'PIB-Mpal 2015-2022 Corrient '!$A$5:$A$1012,$W$2,'PIB-Mpal 2015-2022 Corrient '!$E$5:$E$1012,$A68) -> 0 | G68: =SUMIFS('PIB-Mpal 2015-2022 Corrient '!K$5:K$1012,'PIB-Mpal 2015-2022 Corrient '!$A$5:$A$1012,$W$2,'PIB-Mpal 2015-2022 Corrient '!$E$5:$E$1012,$A68) -> 8.5771849 | H68: =SUMIFS('PIB-Mpal 2015-2022 Corrient '!L$5:L$1012,'PIB-Mpal 2015-2022 Corrient '!$A$5:$A$1012,$W$2,'PIB-Mpal 2015-2022 Corrient '!$E$5:$E$1012,$A68) -> 12.337385 | I68: =SUMIFS('PIB-Mpal 2015-2022 Corrient '!N$5:N$1012,'PIB-Mpal 2015-2022 Corrient '!$A$5:$A$1012,$W$2,'PIB-Mpal 2015-2022 Corrient '!$E$5:$E$1012,$A68) -> 4.2362448 | J68: =SUMIFS('PIB-Mpal 2015-2022 Corrient '!O$5:O$1012,'PIB-Mpal 2015-2022 Corrient '!$A$5:$A$1012,$W$2,'PIB-Mpal 2015-2022 Corrient '!$E$5:$E$1012,$A68) -> 19.317575 | K68: =SUMIFS('PIB-Mpal 2015-2022 Corrient '!P$5:P$1012,'PIB-Mpal 2015-2022 Corrient '!$A$5:$A$1012,$W$2,'PIB-Mpal 2015-2022 Corrient '!$E$5:$E$1012,$A68) -> 5.6429694 | L68: =SUMIFS('PIB-Mpal 2015-2022 Corrient '!Q$5:Q$1012,'PIB-Mpal 2015-2022 Corrient '!$A$5:$A$1012,$W$2,'PIB-Mpal 2015-2022 Corrient '!$E$5:$E$1012,$A68) -> 2.3512068 | M68: =SUMIFS('PIB-Mpal 2015-2022 Corrient '!R$5:R$1012,'PIB-Mpal 2015-2022 Corrient '!$A$5:$A$1012,$W$2,'PIB-Mpal 2015-2022 Corrient '!$E$5:$E$1012,$A68) -> 13.522515 | N68: =SUMIFS('PIB-Mpal 2015-2022 Corrient '!S$5:S$1012,'PIB-Mpal 2015-2022 Corrient '!$A$5:$A$1012,$W$2,'PIB-Mpal 2015-2022 Corrient '!$E$5:$E$1012,$A68) -> 15.276326 | O68: =SUMIFS('PIB-Mpal 2015-2022 Corrient '!T$5:T$1012,'PIB-Mpal 2015-2022 Corrient '!$A$5:$A$1012,$W$2,'PIB-Mpal 2015-2022 Corrient '!$E$5:$E$1012,$A68) -> 26.562058 | P68: =SUMIFS('PIB-Mpal 2015-2022 Corrient '!U$5:U$1012,'PIB-Mpal 2015-2022 Corrient '!$A$5:$A$1012,$W$2,'PIB-Mpal 2015-2022 Corrient '!$E$5:$E$1012,$A68) -> 6.0700172 | Q68: =SUMIFS('PIB-Mpal 2015-2022 Corrient '!J$5:J$1012,'PIB-Mpal 2015-2022 Corrient '!$A$5:$A$1012,$W$2,'PIB-Mpal 2015-2022 Corrient '!$E$5:$E$1012,$A68) -> 124.83257 | R68: =SUMIFS('PIB-Mpal 2015-2022 Corrient '!M$5:M$1012,'PIB-Mpal 2015-2022 Corrient '!$A$5:$A$1012,$W$2,'PIB-Mpal 2015-2022 Corrient '!$E$5:$E$1012,$A68) -> 20.91457 | S68: =SUMIFS('PIB-Mpal 2015-2022 Corrient '!V$5:V$1012,'PIB-Mpal 2015-2022 Corrient '!$A$5:$A$1012,$W$2,'PIB-Mpal 2015-2022 Corrient '!$E$5:$E$1012,$A68) -> 92.978912 | T68: =SUMIFS('PIB-Mpal 2015-2022 Corrient '!W$5:W$1012,'PIB-Mpal 2015-2022 Corrient '!$A$5:$A$1012,$W$2,'PIB-Mpal 2015-2022 Corrient '!$E$5:$E$1012,$A68) -> 238.72606 | U68: =SUMIFS('PIB-Mpal 2015-2022 Corrient '!X$5:X$1012,'PIB-Mpal 2015-2022 Corrient '!$A$5:$A$1012,$W$2,'PIB-Mpal 2015-2022 Corrient '!$E$5:$E$1012,$A68) -> 24.125445 | V68: =SUMIFS('PIB-Mpal 2015-2022 Corrient '!Y$5:Y$1012,'PIB-Mpal 2015-2022 Corrient '!$A$5:$A$1012,$W$2,'PIB-Mpal 2015-2022 Corrient '!$E$5:$E$1012,$A68) -> 262.8515 | W68: =V68/$V$5 -> 0.0017117247 | X68: =INDEX(POBLACION!$C$4:$W$128,MATCH(A68,POBLACION!$A$4:$A$128,0),MATCH($W$2,POBLACION!$C$3:$W$3,0)) -> 12108 | Y68: =(T68/X68)*1000000 -> 19716.39 | Z68: =(V68/X68)*1000000 -> 21708.911 | AA68: =LOG(Y68) -> 4.2948274 | AB68: =LOG(Z68) -> 4.336638
A69: 05284 | B69: Occidente | C69: Región de Planeación y Gestión de Occidente - RPG | D69: Frontino | E69: =SUMIFS('PIB-Mpal 2015-2022 Corrient '!H$5:H$1012,'PIB-Mpal 2015-2022 Corrient '!$A$5:$A$1012,$W$2,'PIB-Mpal 2015-2022 Corrient '!$E$5:$E$1012,$A69) -> 33.815008 | F69: =SUMIFS('PIB-Mpal 2015-2022 Corrient '!I$5:I$1012,'PIB-Mpal 2015-2022 Corrient '!$A$5:$A$1012,$W$2,'PIB-Mpal 2015-2022 Corrient '!$E$5:$E$1012,$A69) -> 4.3557534 | G69: =SUMIFS('PIB-Mpal 2015-2022 Corrient '!K$5:K$1012,'PIB-Mpal 2015-2022 Corrient '!$A$5:$A$1012,$W$2,'PIB-Mpal 2015-2022 Corrient '!$E$5:$E$1012,$A69) -> 2.9963413 | H69: =SUMIFS('PIB-Mpal 2015-2022 Corrient '!L$5:L$1012,'PIB-Mpal 2015-2022 Corrient '!$A$5:$A$1012,$W$2,'PIB-Mpal 2015-2022 Corrient '!$E$5:$E$1012,$A69) -> 18.463223 | I69: =SUMIFS('PIB-Mpal 2015-2022 Corrient '!N$5:N$1012,'PIB-Mpal 2015-2022 Corrient '!$A$5:$A$1012,$W$2,'PIB-Mpal 2015-2022 Corrient '!$E$5:$E$1012,$A69) -> 15.239271 | J69: =SUMIFS('PIB-Mpal 2015-2022 Corrient '!O$5:O$1012,'PIB-Mpal 2015-2022 Corrient '!$A$5:$A$1012,$W$2,'PIB-Mpal 2015-2022 Corrient '!$E$5:$E$1012,$A69) -> 44.615402 | K69: =SUMIFS('PIB-Mpal 2015-2022 Corrient '!P$5:P$1012,'PIB-Mpal 2015-2022 Corrient '!$A$5:$A$1012,$W$2,'PIB-Mpal 2015-2022 Corrient '!$E$5:$E$1012,$A69) -> 8.3221403 | L69: =SUMIFS('PIB-Mpal 2015-2022 Corrient '!Q$5:Q$1012,'PIB-Mpal 2015-2022 Corrient '!$A$5:$A$1012,$W$2,'PIB-Mpal 2015-2022 Corrient '!$E$5:$E$1012,$A69) -> 6.0491038 | M69: =SUMIFS('PIB-Mpal 2015-2022 Corrient '!R$5:R$1012,'PIB-Mpal 2015-2022 Corrient '!$A$5:$A$1012,$W$2,'PIB-Mpal 2015-2022 Corrient '!$E$5:$E$1012,$A69) -> 12.476506 | N69: =SUMIFS('PIB-Mpal 2015-2022 Corrient '!S$5:S$1012,'PIB-Mpal 2015-2022 Corrient '!$A$5:$A$1012,$W$2,'PIB-Mpal 2015-2022 Corrient '!$E$5:$E$1012,$A69) -> 21.351538 | O69: =SUMIFS('PIB-Mpal 2015-2022 Corrient '!T$5:T$1012,'PIB-Mpal 2015-2022 Corrient '!$A$5:$A$1012,$W$2,'PIB-Mpal 2015-2022 Corrient '!$E$5:$E$1012,$A69) -> 45.312492 | P69: =SUMIFS('PIB-Mpal 2015-2022 Corrient '!U$5:U$1012,'PIB-Mpal 2015-2022 Corrient '!$A$5:$A$1012,$W$2,'PIB-Mpal 2015-2022 Corrient '!$E$5:$E$1012,$A69) -> 5.9644978 | Q69: =SUMIFS('PIB-Mpal 2015-2022 Corrient '!J$5:J$1012,'PIB-Mpal 2015-2022 Corrient '!$A$5:$A$1012,$W$2,'PIB-Mpal 2015-2022 Corrient '!$E$5:$E$1012,$A69) -> 38.170761 | R69: =SUMIFS('PIB-Mpal 2015-2022 Corrient '!M$5:M$1012,'PIB-Mpal 2015-2022 Corrient '!$A$5:$A$1012,$W$2,'PIB-Mpal 2015-2022 Corrient '!$E$5:$E$1012,$A69) -> 21.459564 | S69: =SUMIFS('PIB-Mpal 2015-2022 Corrient '!V$5:V$1012,'PIB-Mpal 2015-2022 Corrient '!$A$5:$A$1012,$W$2,'PIB-Mpal 2015-2022 Corrient '!$E$5:$E$1012,$A69) -> 159.33095 | T69: =SUMIFS('PIB-Mpal 2015-2022 Corrient '!W$5:W$1012,'PIB-Mpal 2015-2022 Corrient '!$A$5:$A$1012,$W$2,'PIB-Mpal 2015-2022 Corrient '!$E$5:$E$1012,$A69) -> 218.96128 | U69: =SUMIFS('PIB-Mpal 2015-2022 Corrient '!X$5:X$1012,'PIB-Mpal 2015-2022 Corrient '!$A$5:$A$1012,$W$2,'PIB-Mpal 2015-2022 Corrient '!$E$5:$E$1012,$A69) -> 22.128034 | V69: =SUMIFS('PIB-Mpal 2015-2022 Corrient '!Y$5:Y$1012,'PIB-Mpal 2015-2022 Corrient '!$A$5:$A$1012,$W$2,'PIB-Mpal 2015-2022 Corrient '!$E$5:$E$1012,$A69) -> 241.08931 | W69: =V69/$V$5 -> 0.0015700063 | X69: =INDEX(POBLACION!$C$4:$W$128,MATCH(A69,POBLACION!$A$4:$A$128,0),MATCH($W$2,POBLACION!$C$3:$W$3,0)) -> 20657 | Y69: =(T69/X69)*1000000 -> 10599.858 | Z69: =(V69/X69)*1000000 -> 11671.071 | AA69: =LOG(Y69) -> 4.0253001 | AB69: =LOG(Z69) -> 4.0671107
A70: 05306 | B70: Occidente | C70: A la fecha no ha conformado un Esquema Asociativo Territorial | D70: Giraldo | E70: =SUMIFS('PIB-Mpal 2015-2022 Corrient '!H$5:H$1012,'PIB-Mpal 2015-2022 Corrient '!$A$5:$A$1012,$W$2,'PIB-Mpal 2015-2022 Corrient '!$E$5:$E$1012,$A70) -> 11.691237 | F70: =SUMIFS('PIB-Mpal 2015-2022 Corrient '!I$5:I$1012,'PIB-Mpal 2015-2022 Corrient '!$A$5:$A$1012,$W$2,'PIB-Mpal 2015-2022 Corrient '!$E$5:$E$1012,$A70) -> 0 | G70: =SUMIFS('PIB-Mpal 2015-2022 Corrient '!K$5:K$1012,'PIB-Mpal 2015-2022 Corrient '!$A$5:$A$1012,$W$2,'PIB-Mpal 2015-2022 Corrient '!$E$5:$E$1012,$A70) -> 0.85934811 | H70: =SUMIFS('PIB-Mpal 2015-2022 Corrient '!L$5:L$1012,'PIB-Mpal 2015-2022 Corrient '!$A$5:$A$1012,$W$2,'PIB-Mpal 2015-2022 Corrient '!$E$5:$E$1012,$A70) -> 3.8346248 | I70: =SUMIFS('PIB-Mpal 2015-2022 Corrient '!N$5:N$1012,'PIB-Mpal 2015-2022 Corrient '!$A$5:$A$1012,$W$2,'PIB-Mpal 2015-2022 Corrient '!$E$5:$E$1012,$A70) -> 1.68625 | J70: =SUMIFS('PIB-Mpal 2015-2022 Corrient '!O$5:O$1012,'PIB-Mpal 2015-2022 Corrient '!$A$5:$A$1012,$W$2,'PIB-Mpal 2015-2022 Corrient '!$E$5:$E$1012,$A70) -> 10.038881 | K70: =SUMIFS('PIB-Mpal 2015-2022 Corrient '!P$5:P$1012,'PIB-Mpal 2015-2022 Corrient '!$A$5:$A$1012,$W$2,'PIB-Mpal 2015-2022 Corrient '!$E$5:$E$1012,$A70) -> 1.6123423 | L70: =SUMIFS('PIB-Mpal 2015-2022 Corrient '!Q$5:Q$1012,'PIB-Mpal 2015-2022 Corrient '!$A$5:$A$1012,$W$2,'PIB-Mpal 2015-2022 Corrient '!$E$5:$E$1012,$A70) -> 0.72068731 | M70: =SUMIFS('PIB-Mpal 2015-2022 Corrient '!R$5:R$1012,'PIB-Mpal 2015-2022 Corrient '!$A$5:$A$1012,$W$2,'PIB-Mpal 2015-2022 Corrient '!$E$5:$E$1012,$A70) -> 4.531003 | N70: =SUMIFS('PIB-Mpal 2015-2022 Corrient '!S$5:S$1012,'PIB-Mpal 2015-2022 Corrient '!$A$5:$A$1012,$W$2,'PIB-Mpal 2015-2022 Corrient '!$E$5:$E$1012,$A70) -> 6.6830557 | O70: =SUMIFS('PIB-Mpal 2015-2022 Corrient '!T$5:T$1012,'PIB-Mpal 2015-2022 Corrient '!$A$5:$A$1012,$W$2,'PIB-Mpal 2015-2022 Corrient '!$E$5:$E$1012,$A70) -> 13.30396 | P70: =SUMIFS('PIB-Mpal 2015-2022 Corrient '!U$5:U$1012,'PIB-Mpal 2015-2022 Corrient '!$A$5:$A$1012,$W$2,'PIB-Mpal 2015-2022 Corrient '!$E$5:$E$1012,$A70) -> 2.9401135 | Q70: =SUMIFS('PIB-Mpal 2015-2022 Corrient '!J$5:J$1012,'PIB-Mpal 2015-2022 Corrient '!$A$5:$A$1012,$W$2,'PIB-Mpal 2015-2022 Corrient '!$E$5:$E$1012,$A70) -> 11.691237 | R70: =SUMIFS('PIB-Mpal 2015-2022 Corrient '!M$5:M$1012,'PIB-Mpal 2015-2022 Corrient '!$A$5:$A$1012,$W$2,'PIB-Mpal 2015-2022 Corrient '!$E$5:$E$1012,$A70) -> 4.6939729 | S70: =SUMIFS('PIB-Mpal 2015-2022 Corrient '!V$5:V$1012,'PIB-Mpal 2015-2022 Corrient '!$A$5:$A$1012,$W$2,'PIB-Mpal 2015-2022 Corrient '!$E$5:$E$1012,$A70) -> 41.516292 | T70: =SUMIFS('PIB-Mpal 2015-2022 Corrient '!W$5:W$1012,'PIB-Mpal 2015-2022 Corrient '!$A$5:$A$1012,$W$2,'PIB-Mpal 2015-2022 Corrient '!$E$5:$E$1012,$A70) -> 57.901502 | U70: =SUMIFS('PIB-Mpal 2015-2022 Corrient '!X$5:X$1012,'PIB-Mpal 2015-2022 Corrient '!$A$5:$A$1012,$W$2,'PIB-Mpal 2015-2022 Corrient '!$E$5:$E$1012,$A70) -> 5.8514748 | V70: =SUMIFS('PIB-Mpal 2015-2022 Corrient '!Y$5:Y$1012,'PIB-Mpal 2015-2022 Corrient '!$A$5:$A$1012,$W$2,'PIB-Mpal 2015-2022 Corrient '!$E$5:$E$1012,$A70) -> 63.752977 | W70: =V70/$V$5 -> 0.00041516805 | X70: =INDEX(POBLACION!$C$4:$W$128,MATCH(A70,POBLACION!$A$4:$A$128,0),MATCH($W$2,POBLACION!$C$3:$W$3,0)) -> 5652 | Y70: =(T70/X70)*1000000 -> 10244.427 | Z70: =(V70/X70)*1000000 -> 11279.72 | AA70: =LOG(Y70) -> 4.0104877 | AB70: =LOG(Z70) -> 4.0522983
